﻿word,spell,type,meaning
ง.,ngaH,,d.) — [indicating the fourth item in a list]; Mr. D.
ง. ตามใจแก แต่ใจจริง เราอยากเดินสยามต่อด้วยอ่ะ,ngaH dtaamM jaiM gaaeM dtaaeL jaiM jingM raoM yaakL deernM saL yaamR dtaawL duayF aL,example sentence,"Whatever you want; but actually, I also wanted to go to Siam Square afterwards too."
ง. เหรอๆ งั้นไปเมเจอร์มะ,ngaH ruuhrR ruuhrR nganH bpaiM maehM juuhrM maH,example sentence,Oh yeah? Let's go to Major then!
งก,ngohkH,adjective,[is] avaricious; greedy; stingy; mean
adjective,"[งก ๆ] [is] shaking; trembling; shivering, due to fear or cold",,
งก ๆ,ngohkH ngohkH,adjective,"[งก ๆ] [is] shaking; trembling; shivering, due to fear or cold"
งก ๆ เงิ่น ๆ ,ngohkH ngohkH ngeernF ngeernF,"adjective, idiom",[is] shaking and unable to do anything right
งก ๆ เงิ่น ๆ,ngohkH ngohkH ngeernF ngeernF,adverb,"dodderingly; like an old, infirm peerson; haltingly"
งกงัน,ngohkH nganM,verb,to tremble in fear
งง ,ngohngM,adjective,[is] confused; puzzled; taken aback
"verb, colloquial",[ทำให้งง] confuse; make confused,,
งงงวย,ngohngM nguayM,adjective,[งงงวย] [is] stunned; astonished; perplexed; bewildered; flummoxed
งงงวย,ngohngM nguayM,adjective,[งงงวย] [is] astonishing; perplexing; bewildering; baffling
งงเต้ก,ngohngM dtekF,adjective,[is] stunned; stupefied; flabergasted
งงเป็นไก่ตาแตก ,ngohngM bpenM gaiL dtaaM dtaaekL,adjective,[is] confused; stupefied
งงงัน,ngohngM nganM,adjective,[is] stunned; dazed
งด ,ngohtH,verb,to stop; to cancel; to rescind; to halt; to interrupt; to cease
noun,[การงด] cancellation,,
งดการพิจารณา,ngohtH gaanM phiH jaaM raH naaM,"verb, phrase",to suspend proceedings in a court
งดโทษ,ngohtH tho:htF,"verb, phrase",to grant a reprieve
งดเว้น,ngohtH wenH,verb,to abstain; refrain from
งดเว้นอบายมุข,ngohtH wenH aL baaiM yaH mookH,"verb, phrase",to refrain from sinful activity; abstain from vices
งดเว้นออกเสียง,ngohtH wenH aawkL siiangR,verb,to abstain from voting
งดไว้,ngohtH waiH,"noun, phrase",to postpone
งดออกเสียง,ngohtH aawkL siiangR,verb,to abstain from voting
งดงาม,ngohtH ngaamM,adjective,[is] beautiful; pretty; gorgeous; splendid; fine
,[ความงดงาม] beauty; loviness; attractiveness,,
งบ ,ngohpH,verb,to assemble; collect; close
noun,account; lump; round; cake; lot,,
งบกำไร-ขาดทุน ,ngohpH gamM raiM khaatL thoonM,"noun, phrase, formal",balance statement
งบกำไรสะสม ,ngohpH gamM raiM saL sohmR,"noun, phrase, formal",retained earnings
งบเงิน,ngohpH ngernM,noun,financial statement
งบดุล,ngohpH doonM,"noun, phrase, formal",[finance] balance; balance sheet; statement
งบประมาณ ,ngohpH bpraL maanM,noun,budget
งบประมาณแผ่นดิน,ngohpH bpraL maanM phaenL dinM,noun,annual government statement of expenditures; budget
งบประมาณมูลค่าหลายหมื่นล้านบาทอาจจะไม่สามารถชุบชีวิตให้ลุ่มน้ำนี้กลับฟื้นคืนชีวิตได้,ngohpH bpraL maanM muunM khaaF laaiR meuunL laanH baatL aatL jaL maiF saaR maatF choopH cheeM witH haiF loomF naamH neeH glapL feuunH kheuunM cheeM witH daiF,example sentence,A budget of many tens of billions of baht may not be able to revive this river basin and return life to it.
งบประมาณยุงลายเป็นเรื่องที่ดูจะชอบกลอยู่มาก ,ngohpH bpraL maanM yoongM laaiM bpenM reuuangF theeF duuM jaL chaawpF gohnM yuuL maakF,"example sentence, colloquial",'Mosquito Budget' sounds seemingly quite odd to me!
งม ,ngohmM,verb,to grope; search; seek; fumble for
งมเข็มในมหาสมุทร,ngohmM khemR naiM maH haaR saL mootL,"example sentence, idiom",To search for a needle in a haystack.
งมโข่ง,ngohmM kho:hngL,adjective,[is] dumb; dull
งมงาย,ngohmM ngaaiM,adjective,[is] ignorant; benighted; foolish; stupid; fatuous; muddleheaded
adjective,"dazzled, bewildered (by the prospect of fame and wealth)",,
"noun, adjective, verb, transitive","(of a fact or situation or belief) blind, blind faith, blind worship, to blindly worship (something)",,
งวง ,nguaangM,noun,trunk; snout; tentacle; tendril
noun,[งวงอากาศยาน] air bridge; covered ramp from air terminal to the airplane,,
งวงอากาศยาน,nguaangM aaM gaatL saL yaanM,noun,[งวงอากาศยาน] air bridge; covered ramp from air terminal to the airplane
ง่วง ,nguaangF,adjective,[is] sleepy; tired
adjective,[ง่วงงุน] [is] sleepy; drowsy,,
verb,is sleepy,,
verb,[คงง่วง] probably is sleepy,,
noun,[ความง่วง] sleepiness,,
ง่วงงุน,nguaangF ngoonM,adjective,[ง่วงงุน] [is] sleepy; drowsy
ง่วงจะตาย,nguaangF jaL dtaaiM,example sentence,I'm so sleepy!
ง่วงนอน ,nguaangF naawnM,adjective,[is] sleepy; tired
ง่วงนอนไหม ,nguaangF naawnM maiH,example sentence,Are you sleepy?
ง่วงเหงา,nguaangF ngaoR,adjective,[is] tired; [is] sleepy
ง่วงเหงาหาวนอน,nguaangF ngaoR haaoR naawnM,"adjective, phrase",[is] drowsy; sleepy; dozy; somnolent; listless
งวงช้าง ,nguaangM chaangH,noun,trunk of an elephant
งวด,nguaatF,adjective,"[of a liquid, stew, or sludge] [is] concentrated by evaporation; dried up; evaporated; nearly dry"
verb,to concentrate by evaporation; to dry up,,
adjective,[is] in tight or short supply,,
noun,lot; shipment; consignment; installment,,
adjective,[usually preceded by เข้ม ] strict; stringent; inflexible; rigid; rigorous; severe; tight; tough,,
noun,"time, period, defined period of time; installment",,
classifier,[numerical classifier for installment payments],,
งวดเข้ามาทุกขณะ,nguaatF khaoF maaM thookH khaL naL,adverb,just about to happen; it’s just around the corner (fig.)
งวดเข้ามาทุกขณะ สำหรับผลสรุปของคณะกรรมการตรวจสอบข้อเท็จจริงกรณีการจัดซื้อหนังสือและสื่อการเรียนการสอนขององค์การบริหารส่วนจังหวัด,nguaatF khaoF maaM thookH khaL naL samR rapL phohnR saL roopL khaawngR khaH naH gamM maH gaanM dtruaatL saawpL khaawF thetH jingM gaL raH neeM gaanM jatL seuuH nangR seuuR laeH seuuL gaanM riianM gaanM saawnR khaawngR ohngM gaanM baawM riH haanR suaanL jangM watL,example sentence,The committee investigating the facts concerning the purchase of books and educational materials by the Provincial Administrative councils is just about ready to issue its summary report.
งวดนี้รัฐบาลก็คงจะต้องยุบสภาอีก,nguaatF neeH ratH thaL baanM gaawF khohngM jaL dtawngF yoopH saL phaaM eekL,example sentence,"This time, the government probably must dissolve parliament."
,,,
ง่วน,nguaanF,verb,to engross; occupy; absorb; engage
ง่วนอยู่กับ,nguaanF yuuL gapL,adjective,[is] absorbed with; engrossed with
งวย,nguayM,adjective,[งงงวย] [is] stunned; astonished; perplexed; bewildered; flummoxed
adjective,[งงงวย] [is] astonishing; perplexing; bewildering; baffling,,
งอ ,ngaawM,,[pronunciation of the 7th letter of the Thai alphabet]
verb,to bend or become bent,,
adjective,bent; crooked,,
verb,[ทำให้งอ] to bend,,
งอได้ ,ngaawM daiF,adjective,flexible; bendable
งอตัว ,ngaawM dtuaaM,verb,to slouch; double over
งอมืองอตีน,ngaawM meuuM ngaawM dteenM,adjective,[is] inert; sit back and do nothing
งอมืองอเท้า,ngaawM meuuM ngaawM thaaoH,"adjective, idiom",[is] lazy; not dilligent
งอมืองอเท้า,ngaawM meuuM ngaawM thaaoH,adjective,[is] inert; sit back and do nothing
งอมืองอเท้า,ngaawM meuuM ngaawM thaaoH,adjective,[is] gutless; without gumption
งอหาย,ngaawM haaiR,adverb,uncontrollably; excessively; extremely
ง้อ ,ngaawH,"verb, transitive, intransitive, colloquial",to try to conciliate; to reconcile; to humble oneself in order to reconcile; to try to make up and seek forgiveness
ง้องอน,ngaawH ngaawnM,verb,to offer to reconcile (with)
งอก ,ngaawkF,verb,to sprout; bud; grow; shoot off
noun,a sprout or outgrowth,,
งอกขึ้น ,ngaawkF kheunF,verb,to grow (plants)
งอกงาม,ngaawkF ngaamM,verb,to bloom; to flourish; to grow; to sprout; to develop
งอกเงย,ngaawkF ngeeuyM,verb,to increase; grow
ง่อกแง่ก,ngaawkF ngaaekF,adjective,[is] unsteady; unfirm; tottering
ง่องแง่ง,ngaawngF ngaaengF,"verb, adverb",lamely; limpingly; slowly; with a stagger
verb,to quibble over a petty matter,,
ง้องแง้ง,ngaawngH ngaaengH,verb,to twist back and forth; fuss
งอแง,ngaawM ngaaeM,"adjective, colloquial",childish; crybaby-like
"verb, intransitive, colloquial",to pout like a child; to be fussy,,
งอน ,ngaawnM,"adjective, colloquial","[is] sulky; petulant; peevish; fractious; huffy; pettish; snappish; grouchy; displeased by an intimate (lover, husband/wife, parent, friend, etc); pouting"
"adjective, colloquial",curved upwards; bent; tilted,,
adjective,[ขี้งอน] peevish; petulant; churlish; fractious,,
งอนง้อ,ngaawnM ngaawH,verb,[ง้องอน]
งอนตุ๊บป่อง ,ngaawnM dtoopH bpaawngL,"adjective, verb, intransitive, figurative, colloquial, idiom","to be infused with petulance (sulkiness, bad temper, ill humour, irritability, peevishness, pique, sullenness) so much that he or she could float or fly"
ง่อนแง่น,ngaawnF ngaaenF,adjective,[is] unstable; unsteady; changeable; variable
ง่อนแง่นโงนเงน,ngaawnF ngaaenF ngo:hnM ngaehnM,adjective,[is] unstable; unsteady; subject to falling (in a political sense)
งอบ,ngaawpF,noun,a hat made of bamboo and palm leaves shaped like an inverted basin; a kind of farmer's hat
งอม ,ngaawmM,adjective,severe; serious; extreme; confirmed
adjective,over-ripe; very old; very tired,,
งอมแงม,ngaawmM ngaaemM,adverb,extremely; severely; almost to death; beyond recovery; thoroughly bad
ง่อย,ngaawyF,adjective,[is] handicapped; lame; disabled
ง่อยเปลี้ยเสียขา,ngaawyF bpliiaF siiaR khaaR,phrase,to lame; be crippled; be disabled
งะ,ngaH,,[suffix]
"interjection, colloquial",What [did you say]?,,
งั่ก,ngakL,adjective,very old
งั่ง,ngangF,"noun, adjective",[derogatory] a fool; foolish
,[นกงั่ง] hornbill,,
"noun, vulgar","[ไอ้งั่ง] [derogatory] ""You, goddamn fool (moron, idiot, nincompoop)!",,
งัด ,ngatH,"verb, transitive",to pry open with a crowbar or lever
,"bring in (a new strategy, approach, method)",,
งัดข้อ,ngatH khaawF,"verb, phrase",to arm wrestle
งัดข้อ,ngatH khaawF,"verb, phrase",to disagree; wrangle; have a clash of ideas
งัดแงะ,ngatH ngaeH,verb,to break in to steal something
งัน ,nganM,adjective,[of plants] stunted
adjective,[is] stumped; at a loss; halted; stopped; paused; stunned,,
verb,[of plants] to fail to germinate; [of a bomb] to fail to explode,,
,[euphonious suffix],,
งั้น,nganH,"adverb, conjunction",then; in that case; otherwise; or else; if not; in other ways
งั้นเรอะ,nganH ruhH,example sentence,Is that it?
งั้นหรือ,nganH reuuR,example sentence,Is that it?
งับ ,ngapH,verb,to bite; nip; snatch away with the teeth
verb,to close; to shut,,
งัย,ngaiM,,[alternate spelling of ไง ]
งัว,nguaaM,noun,bullock
งัวเงีย,nguaaM ngiiaM,adjective,[is] sleepy; drowsy
adverb,sleepily; drowsily,,
งา ,ngaaM,"noun, adjective",tusk; ivory
"noun, adjective",[general] sesame,,
noun,"[ต้นงา] the sesame plant, Sesamum indicum",,
noun,[น้ำมันงา] sesame oil,,
noun,[น้ำงา] sesame sauce,,
งาขาว,ngaaM khaaoR,noun,white sesame seeds
งาช้าง ,ngaaM chaangH,noun,elephant tusk; ivory
งาช้างน้ำ ,ngaaM chaangH naamH,noun,walrus tusk
,,,
งาดำ,ngaaM damM,noun,black sesame seeds
ง้าง ,ngaangH,verb,to lift up; to open; to pull out; to draw back
ง้างกัน ,ngaangH ganM,verb,oppose
งาน ,ngaanM,noun,work; job; duty; business; function
noun,carnival; fair; party; festival; celebration,,
noun,[หน่วยงาน] institution; authority; institute; organization; work group,,
adjective,[ใช้งาน] [is] usable; accessible; practicable,,
,[ใช้งาน] to function; work; operate,,
noun,a Thai land measure,,
,"[of the arts] literary work (a book, novel, etc.); cinema",,
noun,[การงาน] activity,,
classifier,[numerical classifier for a piece of writing],,
noun,[การใช้งาน] use; utility; usability,,
verb,[ได้งาน] to obtain work; be hired,,
งานก็มากอยู่แล้ว ทำไมจะต้องอ้าขาผวาปีกไปรับงานอื่นมาอีก,ngaanM gaawF maakF yuuL laaeoH thamM maiM jaL dtawngF aaF khaaR phaL waaR bpeekL bpaiM rapH ngaanM euunL maaM eekL,example sentence,You already have a lot of work to do; why are you taking on more responsibility by getting another job.
งานก่อสร้าง,ngaanM gaawL saangF,noun,heavy construction work
งานก่อสร้างโครงการนี้ไม่คืบหน้าเลย,ngaanM gaawL saangF khro:hngM gaanM neeH maiF kheuupF naaF leeuyM,example sentence,This construction project is not moving ahead at all!
งานการ,ngaanM gaanM,noun,employment; work; profession; business; job; career; occupation
งานกินเลี้ยง,ngaanM ginM liiangH,noun,social gathering; party; a get-together
งานของเขาไม่เป็นที่น่าพอใจเลย ,ngaanM khaawngR khaoR maiF bpenM theeF naaF phaawM jaiM leeuyM,example sentence,His work does not satisfy me at all.
งานของเธอคือไปช่วยแพ็กหนังสือใส่กล่อง,ngaanM khaawngR thuuhrM kheuuM bpaiM chuayF phaekH nangR seuuR saiL glaawngL,example sentence,Her job is to go and help pack books in boxes.
งานของวีระคือล้างจาน,ngaanM khaawngR weeM raH kheuuM laangH jaanM,example sentence,Wira’s work is to wash the dishes.
งานขันโตกคืนนี้ม่วนแท้ เชียว,ngaanM khanR dto:hkL kheuunM neeH muaanF thaaeH chiaaoM,example sentence,The Khantoke festival this evening was really a lot of fun!
งานขึ้นบ้านใหม่,ngaanM kheunF baanF maiL,noun,housewarming party
งานเข้า,ngaanM khaoF,noun,business orders; customer orders
งานเข้ามาจนล้นทำไม่ทัน เป็นความมหัศจรรย์ที่ไม่เคยพบเห็นมาก่อนในชีวิต,ngaanM khaoF maaM johnM lohnH thamM maiF thanM bpenM khwaamM maH hatL saL janM theeF maiF kheeuyM phohpH henR maaM gaawnL naiM cheeM witH,example sentence,The work is coming in so fast that we cannot keep up; it is an amazing situation that we have never encountered before in our lives.
งานเขียนของเธอเล่นสำบัดสำนวนมากเกินไป จนแทบกลายเป็นบทลิเกไปเลย,ngaanM khiianR khaawngR thuuhrM lenF samR batL samR nuaanM maakF geernM bpaiM johnM thaaepF glaaiM bpenM bohtL liH gaehM bpaiM leeuyM,example sentence,"Her writing is much too eloquent, so much so that it sounds almost like a formal drama."
งานครั้งนี้ได้รับความร่วมมืออย่างดีจากอาจารย์ข้าราชการตลอดจนศิษย์เก่าและศิษย์ปัจจุบัน,ngaanM khrangH neeH daiF rapH khwaamM ruaamF meuuM yaangL deeM jaakL aaM jaanM khaaF raatF chaH gaanM dtlaawtL johnM sitL gaoL laeH sitL bpatL jooL banM,example sentence,"This [year’s] festivities received excellent cooperation from professors, officials, alumni, and current students."
งานค้าง,ngaanM khaangH,noun,backlog; incomplete work
งานคืนสู่เหย้า,ngaanM kheuunM suuL yaoF,noun,homecoming; a homecoming celebration
งานจร,ngaanM jaawnM,noun,odd job; miscellaneous task
งานฉลอง ,ngaanM chaL laawngR,noun,festival; party
งานใดที่ต้องทำเป็นประจำตลอดเวลาอาจทำให้ชินชาด้วยต้องกระทำซ้ำซากไม่น่าตื่นตาตื่นใจ,ngaanM daiM theeF dtawngF thamM bpenM bpraL jamM dtaL laawtL waehM laaM aatL thamM haiF chinM chaaM duayF dtawngF graL thamM saamH saakF maiF naaF dteuunL dtaaM dteuunL jaiM,example sentence,Any task which we must do all the time will make us become bored with it; (we) must (do this work) repetitiously and we cannot get enthusiastic (about it at all).
งานตรวจสถานที่เกิดเหตุและถ่ายภาพ,ngaanM dtruaatL saL thaanR theeF geertL haehtL laeH thaaiL phaapF,noun,crime scene investigation and photography
งานเต้นรำ,ngaanM dtenF ramM,noun,a ball (dance party)
งานแต่งงาน,ngaanM dtaengL ngaanM,noun,wedding
งานแต่งงานของบ่าวสาวคู่นี้ เป็นการหลอมรวมญาติโกโหติกาของมหเศรษฐี ๒ ตระกูลดังของจังหวัด,ngaanM dtaengL ngaanM khaawngR baaoL saaoR khuuF neeH bpenM gaanM laawmR ruaamM yaatF dtiL go:hM ho:hR dtiL gaaM khaawngR maH haL saehtL theeR saawngR dtraL guunM dangM khaawngR jangM watL,example sentence,The couple’s wedding brought together two of the wealthiest and well-known clans in the province.
งานที่คุณได้รับมอบหมายมา รีบทำเสียให้เสร็จก่อนลาพักร้อนนะ อย่าทิ้งไว้ให้มันคาราคาซัง,ngaanM theeF khoonM daiF rapH maawpF maaiR maaM reepF thamM siiaR haiF setL gaawnL laaM phakH raawnH naH yaaL thingH waiH haiF manM khaaM raaM khaaM sangM,example sentence,Hurry up and finish the work that you’ve been assigned; please do it before you go on vacation. Don’t leave it incomplete.
งานที่ใช้ความพิถีพิถันและความละเอียดอ่อนไม่ใช่งานที่เขาพึงประสงค์นัก แต่เขาก็ทำได้อย่างดี,ngaanM theeF chaiH khwaamM phiH theeR phiH thanR laeH khwaamM laH iiatL aawnL maiF chaiF ngaanM theeF khaoR pheungM bpraL sohngR nakH dtaaeL khaoR gaawF thamM daiF yaangL deeM,example sentence,Very meticulous and delicate work is not work which he really wants to do; but he can do it very well.
งานที่ได้รับมอบหมาย ,ngaanM theeF daiF rapH maawpF maaiR,"noun, phrase, formal",assignment
งานนิทรรศการ,ngaanM niH thatH saL gaanM,noun,exhibition; exhibit; presentation
งานนี้เขารับผิดชอบทุกอย่างตั้งแต่ไม้จิ้มฟันยันเรือรบ,ngaanM neeH khaoR rapH phitL chaawpF thookH yaangL dtangF dtaaeL maaiH jimF fanM yanM reuuaM rohpH,example sentence,"For this event he is responsible for every single thing."" ""For this event he is responsible for everything from soup to nuts."
งานนี้ผู้คนมากันเต็มพรืด,ngaanM neeH phuuF khohnM maaM ganM dtemM phreuutF,example sentence,Huge numbers of people are coming to this festival.
งานนี้ฟันไปหลายล้านบาท,ngaanM neeH fanM bpaiM laaiR laanH baatL,example sentence,This effort will earn many millions of baht.
งานนี้มีกระจิบกระจอกข่าวมากันเต็ม,ngaanM neeH meeM graL jipL graL jaawkL khaaoL maaM ganM dtemM,example sentence,This gala affair is full of noisy reporters.
งานนี้มีผู้ใหญ่มากันหลายคน ขอให้ระมัดระวังทำกะเปิ๊บกะป๊าบให้ขายหน้า,ngaanM neeH meeM phuuF yaiL maaM ganM laaiR khohnM khaawR haiF raH matH raH wangM thamM gaL bpeerpH gaL bpaapH haiF khaaiR naaF,example sentence,This affair will have many important people in attendance; please take care not to act in an uncouth manner that might embarrass us.
งานบริหาร,ngaanM baawM riH haanR,noun,administrative work
งานบ้าน,ngaanM baanF,noun,housework; housekeeping; household chores
งานบ้านตั้งแต่ซักเสื้อผ้า ปาดกวาดทำความสะอาดไปจนถึงอาหารการกินเป็นหน้าที่ของแม่ยาย... ,ngaanM baanF dtangF dtaaeL sakH seuuaF phaaF bpaatL gwaatL thamM khwaamM saL aatL bpaiM johnM theungR aaM haanR gaanM ginM bpenM naaF theeF khaawngR maaeF yaaiM,example sentence,My mother-in-law is responsible for all the housework from washing clothes and sweeping and cleaning the house to preparing our meals...
งานบุญ,ngaanM boonM,,[งานบุญ] religious ceremony; festival involving donations to monks
งานประจำปี ,ngaanM bpraL jamM bpeeM,noun,annual festival
งานประจำวัน,ngaanM bpraL jamM wanM,noun,daily routine; daily work
งานประจำอันซ้ำซากและจำเจ,ngaanM bpraL jamM anM saamH saakF laeH jamM jaehM,"noun, phrase",repetitive and monotonous work
งานประพันธ์,ngaanM bpraL phanM,"noun, phrase, formal","[poem, poetry, prose, novel, essay, etc.] composition; writing; written work"
งานปาร์ตี้,ngaanM bpaaM dteeF,"noun, colloquial, loanword, English",[งานปาร์ตี้] [Thai transcription of the foreign loanword] party
งานปาร์ตี้คราวนั้นดูช่างสนุกสนานกันจริง ๆ,ngaanM bpaaM dteeF khraaoM nanH duuM changF saL nookL saL naanR ganM jingM,example sentence,That time the party seemed to be quite enjoyable indeed.
งานเผาศพ ,ngaanM phaoR sohpL,noun,cremation ceremony
งานฝีมือ ,ngaanM feeR meuuM,noun,crafts
งานพิธี ,ngaanM phiH theeM,noun,festival; ceremony
งานมงคลสมรส,ngaanM mohngM khohnM sohmR rohtH,noun,wedding ceremony
,,,
...งานมันยุ่ง มันยุ่งเป็นบ้า,ngaanM manM yoongF manM yoongF bpenM baaF,example sentence,"...I am very busy; I am really, really busy."
งานมีมากเสียจนสุมเป็นกองพะเนิน,ngaanM meeM maakF siiaR johnM soomR bpenM gaawngM phaH neernM,example sentence,"We have so much work that it is piling up."" — ""Our work is piling up."
งานยังผล,ngaanM yangM phohnR,noun,effective effort; good job (completed)
งานยุ่งไหม ,ngaanM yoongF maiH,example sentence,Are you busy?
งานร้อยกรอง,ngaanM raawyH graawngM,noun,poetry; poem
งานร้อยแก้ว,ngaanM raawyH gaaeoF,noun,prose; novel
งานราตรี,ngaanM raaM dtreeM,noun,evening party; formal ball
งานรื่นเริง ,ngaanM reuunF reerngM,noun,"fair, festival, festive activity or event"
งานล้นมือ,ngaanM lohnH meuuM,verb,to have too much work to do
งานล้นมือ,ngaanM lohnH meuuM,"adjective, phrase",[is] overloaded; backed up; flooded with work
งานเล็ก ๆ เช่นนี้ยังทำไม่สำเร็จสำมะหาอะไรจะไปทำงานใหญ่,ngaanM lekH lekH chenF neeH yangM thamM maiF samR retL samR maH haaR aL raiM jaL bpaiM thamM ngaanM yaiL,example sentence,You can't even finish the small job [I gave you]; what could I expect from you on a big job?
งานเลี้ยง ,ngaanM liiangH,noun,"a party, a celebration"
งานเลี้ยงต้องมีวันเลิกรา,ngaanM liiangH dtawngF meeM wanM leerkF raaM,"example sentence, idiom",All good things come to an end.
งานเลี้ยงต้อนรับ ,ngaanM liiangH dtaawnF rapH,noun,reception (for guests)
งานเลี้ยงที่ไม่เลิกรา,ngaanM liiangH theeF maiF leerkF raaM,noun,an unending feast
งานเลี้ยงส่วนตัว,ngaanM liiangH suaanL dtuaaM,noun,private party
งานวัด,ngaanM watH,noun,temple fair; festival at the วัด 
งานวัด,ngaanM watH,noun,temple work; temple chores
งานวันเกิด ,ngaanM wanM geertL,noun,birthday party
งานวันแซยิด,ngaanM wanM saaeM yitH,noun,a party for someone's sixtieth birthday
งานวันนี้มีสาวสี่สิบกะหรัตมากันหลายคน,ngaanM wanM neeH meeM saaoR seeL sipL gaL ratL maaM ganM laaiR khohnM,example sentence,Today's gala will have many attractive and stunning women attending.
งานวิจัยชิ้นนี้ยังขาดตกบกพร่องอยู่มาก ไม่รู้ว่าผ่านมาได้อย่างไร,ngaanM wiH jaiM chinH neeH yangM khaatL dtohkL bohkL phraawngF yuuL maakF maiF ruuH waaF phaanL maaM daiF yaangL raiM,example sentence,This research project is still fairly incomplete; I don't know how it was able to get past to this point.
งานวิจัยพบผู้หญิง ๓ ใน ๔ รู้สึกว่าแฟนหรือสามีอาจกำลังคิดไม่ซื่อถ้าเกิดวันหนึ่งเขาซื้อดอกไม้มาให้ทั้งที่ไม่ใช่โอกาสพิเศษ,ngaanM wiH jaiM phohpH phuuF yingR saamR naiM seeL ruuH seukL waaF faaenM reuuR saaR meeM aatL gamM langM khitH maiF seuuF thaaF geertL wanM neungL khaoR seuuH daawkL maaiH maaM haiF thangH theeF maiF chaiF o:hM gaatL phiH saehtL,example sentence,Research has indicated that three in four women feel that their boyfriends or husbands are unfaithful if someday they buy them flowers for no special reason.
งานวิจัยภาวะหนี้สินกับการสูญเสียที่ดินของเกษตรกรพบว่า ปัจจัยที่ส่งผลให้เกษตรกรเป็นหนี้ เกิดจากความจำเป็นในการใช้เงินเพื่อลงทุนการเกษตร และการใช้จ่ายใจครัวเรือน,ngaanM wiH jaiM phaaM waH neeF sinR gapL gaanM suunR siiaR theeF dinM khaawngR gaL saehtL dtraL gaawnM phohpH waaF bpatL jaiM theeF sohngL phohnR haiF gaL saehtL dtraL gaawnM bpenM neeF geertL jaakL khwaamM jamM bpenM naiM gaanM chaiH ngernM pheuuaF lohngM thoonM gaanM gaL saehtL laeH gaanM chaiH jaaiL jaiM khruaaM reuuanM,example sentence,Research regarding debt and the loss of land among farmers discovered that the factors that affect their debt are the need for funding agricultural investments and to pay for household living expenses.
งานวิจัยเรื่องนี้กล่าวถึงลักษณะข้อผิดพลาดในการเขียนภาษาไทย,ngaanM wiH jaiM reuuangF neeH glaaoL theungR lakH saL naL khaawF phitL phlaatF naiM gaanM khiianR phaaM saaR thaiM,example sentence,This research discusses the nature of the errors in how the Thai language is written.
งานศพ ,ngaanM sohpL,noun,funeral
งานศิลป์,ngaanM sinR,"noun, Sanskrit",artwork; artistic endeavor
งานศิลปะ ,ngaanM sinR laH bpaL,"noun, phrase, formal",a work of art
งานสมรส,ngaanM sohmR rohtH,noun,wedding; wedding party
งานสังคมสังสรรค์และลีลาศ,ngaanM sangR khohmM sangR sanR laeH leeM laatF,"noun, phrase","a ball; a large, usually lavish, formal party featuring social dancing and sometimes given for a particular purpose, as to introduce debutantes or benefit a charitable organization"
งานแสดง,ngaanM saL daaengM,noun,trade show
งานแสดง,ngaanM saL daaengM,noun,acting roles; job as an actor
งานแสดงนิทรรศการ,ngaanM saL daaengM niH thatH saL gaanM,noun,exhibition
งานแสดงสินค้า ,ngaanM saL daaengM sinR khaaH,adjective,trade show; merchandise fair; seller's event
งานหนัก,ngaanM nakL,noun,hard work; demanding work
งานหยาบ ,ngaanM yaapL,"noun, phrase, colloquial",botch; something put together in a makeshift way
งานอดิเรก ,ngaanM aL diL raehkL,noun,hobby
งานออกแบบของมือสมัครเล่นเข้าตาผู้ตัดสินทุกคน,ngaanM aawkL baaepL khaawngR meuuM saL makL lenF khaoF dtaaM phuuF dtatL sinR thookH khohnM,example sentence,The design work of the amateur caught the eye of all the judges.
งานออกร้าน ,ngaanM aawkL raanH,noun,carnival; fair
งานอาชีพ,ngaanM aaM cheepF,noun,occupation; profession; job
งาบ,ngaapF,adverb,[งาบ ๆ] gabbingly; chompingly; with much movement of the mouth; yawningly
verb,to snap; catch something in one's mouth,,
verb,to steal; filch; pilfer; swipe; pinch,,
งาบ ๆ,ngaapF ngaapF,adverb,[งาบ ๆ] gabbingly; chompingly; with much movement of the mouth; yawningly
งาม ,ngaamM,adjective,[is] beautiful; pretty; attractive; gorgeous; fine; complete
adjective,[งามตา] [is] pleasing; pleasant; nice; delightful,,
adjective,[แงะงาม] [is] beautiful; pretty; handsome,,
noun,[ความงาม] beauty,,
,[euphonious suffix],,
adjective,[is] beautiful,,
งามแจ่ม,ngaamM jaemL,adjective,[is] bright and beautiful
งามตา,ngaamM dtaaM,adjective,[งามตา] [is] pleasing; pleasant; nice; delightful
งามไส้,ngaamM saiF,,[is] disgraceful; shameful
งามไส้,ngaamM saiF,"interjection, phrase",How disgraceful!
งามหน้า,ngaamM naaF,adjective,[is] disgraceful; shameful; dishonorable; deplorable
งามเหลือเกิน,ngaamM leuuaR geernM,adjective,splendid; magnificent
ง่าม ,ngaamF,noun,fork or crotch of a tree
noun,prong; tine; point; fork,,
,,,
ง่ามขา,ngaamF khaaR,noun,groin; crotch
ง่ามเท้า,ngaamF thaaoH,noun,the pliable skin which connects between the toes
ง่ามมือ,ngaamF meuuM,noun,the pliable skin which connects between the fingers
งาย,ngaaiM,,morning-time
ง่าย ,ngaaiF,adjective,[is] easy; not difficult; simple
adverb,[โดยง่าย] easily,,
noun,[ความง่าย] ease,,
adjective,[ง่าย ๆ] very simple; very easy; very easily,,
adverb,easily,,
ง่ายขึ้น,ngaaiF kheunF,adjective,[is] easier; get easier
ง่ายมาก,ngaaiF maakF,adjective,"[is] simple, very easy"
ง่ายเหมือนปอกกล้วยเข้าปาก,ngaaiF meuuanR bpaawkL gluayF khaoF bpaakL,"example sentence, idiom",A piece of cake.
ง่าย ๆ,ngaaiF ngaaiF,adjective,[ง่าย ๆ] very simple; very easy; very easily
ง่ายดาย,ngaaiF daaiM,"adjective, formal",[is] very easy; very simple
ง่าว,ngaaoF,adjective,[Northern dialect] [is] stupid; dumb; insipid
ง้าว ,ngaaoH,noun,long spear with a hook like a scythe
งำ,ngamM,"verb, intransitive, colloquial, ancient",to cover up; to suppress; to dominate; to close; to hide; to keep; to govern; to shelter; to protect; to preserve
งิ้ว,ngiuH,proper noun,"[ต้นงิ้ว] red cotton tree, genus Bombax"
noun,traditional Chinese opera,,
งี่เง่า ,ngeeF ngaoF,"adjective, colloquial, vulgar, sarcastic-humorous",[derogatory] [is] stupid; foolish; unintelligent; brainless; dense; dim; half-witted; moronic; obtuse; simple; simple-minded; slow; slow-witted; thick; asinine; daft (informal); idiotic; imbecilic; inane; nonsensical; pointless; rash; senseless; unintelligent
งีบ ,ngeepF,verb,to doze off; nap
งีบหลับ,ngeepF lapL,verb,to take a nap
งึมงำ,ngeumM ngamM,verb,to mutter; mumble
งุน,ngoonM,adjective,[alliterative term] [is] sleepy
งุนงง,ngoonM ngohngM,adjective,[is] doubtful; unsure; uncertain; baffled; perplexed
งุ่นง่าน,ngoonF ngaanF,adjective,[is] vexed; aroused; worried; annoyed; harassed
งุ้ม,ngoomH,adjective,[is] hook-shaped; hooked; bent downward; curved in upon itself
งุ่มง่าม ,ngoomF ngaamF,adjective,slowly; clumsily; awkwardly; unskillfully
noun,[ความงุ่มง่าม] awkwardness; clumsiness,,
งู ,nguuM,noun,snake
,[ปีงู] year of the Snake,,
งูเงี้ยวเขี้ยวขอ,nguuM ngiaaoH khiaaoF khaawR,"noun, phrase",wild animals (of various types)
งูจงอาง,nguuM johngM aangM,noun,[งูจงอาง] king cobra snake
งูพิษ,nguuM phitH,noun,poisonous snake
งูสามเหลี่ยม,nguuM saamR liiamL,noun,banded krait
งูแสงอาทิตย์,nguuM saaengR aaM thitH,noun,[งูแสงอาทิตย์] sunbeam snake; sunlight snake; Xenopeltis unicolor
งูหลาม,nguuM laamR,noun,[งูหลาม] python
งูหางกระดิ่ง,nguuM haangR graL dingL,noun,rattlesnake
งูเหลือม ,nguuM leuuamR,noun,[งูเหลือม] python; boa constrictor
งูเห่า ,nguuM haoL,noun,[งูเห่า] cobra
งูใหญ่,nguuM yaiL,"noun, proper noun","Big Snake (Thai nickname for Internazionale Milan, Italy, football club)"
...งู ๆ ปลา ๆ,nguuM nguuM bplaaM bplaaM,"phrase, idiom",...a little bit
งูผู้,nguuM phuuF,noun,name of a zodiacal constellation; tenth constellation containing 5 stars
งู่มง่าม ,nguumF ngaamF,adjective,[is] awkward
งูสวัด ,nguuM saL watL,noun,Herpes zoster
เง็ง,ngengM,adjective,[is] very confused
เงย,ngeeuyM,verb,[of one's head] to raise; lift; look upwards
เงยหน้า,ngeeuyM naaF,verb,to look up; lift; raise one's head
เงยหน้าอ้าปาก,ngeeuyM naaF aaF bpaakL,"verb, phrase",to look up; improve; be better
เงอะ,nguhH,adjective,[is] awkward; clumsy; maladroit; inept
adjective,[เงอะงะ] [is] awkward; clumsy; maladroit; inept,,
เงอะงะ,nguhH ngaH,adjective,[เงอะงะ] [is] awkward; clumsy; maladroit; inept
เงา ,ngaoM,noun,shadow; reflection; image; lustre; sparkle
adjective,[is] shiny; glossy; lustrous,,
adverb,[เงา ๆ] indistinctly,,
เงาแดด ,ngaoM daaetL,noun,sunshade
เงาตัวในน้ำ,ngaoM dtuaaM naiM naamH,noun,an image or reflection of oneself in water
เงามัว,ngaoM muaaM,noun,shade; shadow; penumbra
เงาไม้,ngaoM maaiH,noun,shade of a tree or a forest
เงา ๆ,ngaoM ngaoM,adverb,[เงา ๆ] indistinctly
,,,
เง่า,ngaoF,"noun, colloquial",[derogatory] [often preceded by โง่ ] stupid; foolish; unintelligent; brainless; dense; dim; half-witted; moronic; obtuse; simple; simple-minded; slow; slow-witted; thick; asinine; daft (informal); idiotic; imbecilic; inane; nonsensical; pointless; rash; senseless; unintelligent
เงาะ ,ngawH,"noun, adjective",rambutan
proper noun,[a name of] a Malay native with dark complexion and kinky hair,,
proper noun,Ngoh [a common Thai nickname],,
proper noun,[เจ้าเงาะ] [name of a character in Thai literature],,
noun,"[ต้นเงาะ] rambutan plant, Nephelium lappaceum",,
,[ลูกเงาะ] rambutan fruit,,
เงิน ,ngernM,noun,money; finance; silver
noun,"[chemistry] Silver, Ag, atomic number 47",,
"noun, colloquial",[การเงิน] การคลัง; finance(s); financial or pecuniary matters; cashier,,
adjective,[ทางการเงิน] [is] financial,,
noun,[สีเงิน] the color silver,,
เงินก้นถุง,ngernM gohnF thoongR,noun,seed money; capital
เงินกองกลาง,ngernM gaawngM glaangM,noun,common fund; central funds
เงินกินเปล่า ,ngernM ginM bplaaoL,noun,"money used for a bribe, graft, or corruption, ""tea money""; under-the-table payment"
เงินกินเปล่า,ngernM ginM bplaaoL,"noun, phrase",extra payment
เงินกู้,ngernM guuF,noun,a (monetary) loan
เงินกู้ดอกโหด,ngernM guuF daawkL ho:htL,"noun, colloquial",high cost loan; distressed high-interest loan
เงินเก็บ,ngernM gepL,noun,savings
เงินคงคลัง,ngernM khohngM khlangM,noun,Treasury reserves
เงินค่า,ngernM khaaF,noun,money used in a sales transaction
เงินค่าขนม,ngernM khaaF khaL nohmR,noun,pocket-money
เงินค่านายหน้าที่ได้จากการขาย,ngernM khaaF naaiM naaF theeF daiF jaakL gaanM khaaiR,noun,sales commission
เงินค่าปรับ,ngernM khaaF bprapL,"noun, formal",a fine
เงินค่าลิขสิทธิ์,ngernM khaaF likH sitL,noun,[เงินค่าลิขสิทธิ์] royalties (for use of copywrite or patent)
เงินจำนวนสี่หมื่นบาทมันเล็กน้อย พอถูไถพอจ่ายกันได้,ngernM jamM nuaanM seeL meuunL baatL manM lekH naawyH phaawM thuuR thaiR phaawM jaaiL ganM daiF,example sentence,Forty thousand baht [per month] is a small amount; it’s just enough to scrape by on.
เงินช่วยเหลือ,ngernM chuayF leuuaR,noun,(financial) aid; grant; subsidy
เงินเชื่อ ,ngernM cheuuaF,noun,credit
เงินดอลล่าร์  ,ngernM daawnM laaF,"noun, colloquial",dollar
เงินดอลล่าร์แคนาดา  ,ngernM daawnM laaF khaaeM naaM daaM,noun,Canadian dollar
เงินดอลล่าร์ออสเตรเลีย ,ngernM daawnM laaF aawtL dtraehM liiaM,noun,Australian dollar
เงินดาวน์,ngernM daaoM,"noun, colloquial, loanword, English",down money; down payment
เงินเดือน ,ngernM deuuanM,noun,salary; monthly wages
เงินได้ ,ngernM daiF,noun,income; revenue
เงินได้พึงประเมินอะไรบ้างที่ได้รับยกเว้นภาษี?,ngernM daiF pheungM bpraL meernM aL raiM baangF theeF daiF rapH yohkH wenH phaaM seeR,example sentence,How can one determine what types of income are exempt from taxation?
เงินได้อะไรบ้างที่ต้องเสียภาษี?,ngernM daiF aL raiM baangF theeF dtawngF siiaR phaaM seeR,example sentence,What income is subject to taxation?
เงินได้อันเป็นเหตุให้ต้องนำไปรวมคำนวณภาษีมาจากแหล่งใดบ้าง?,ngernM daiF anM bpenM haehtL haiF dtawngF namM bpaiM ruaamM khamM nuaanM phaaM seeR maaM jaakL laengL daiM baangF,example sentence,What sources of income are to be aggregated and subject to computation of tax?
เงินตรารั่วไหลออกนอกประเทศ,ngernM dtraaM ruaaF laiR aawkL naawkF bpraL thaehtF,"noun, phrase",a monetary loss to a foreign trade through financial leakage
เงินติดกระเป๋า,ngernM dtitL graL bpaoR,noun,pocket-money; pocket change
เงินใต้โต๊ะ,ngernM dtaiF dtoH,noun,bribery; illegal payment
เงินถุงเงินถัง ,ngernM thoongR ngernM thangR,adjective,[is] wealthy; has lots of money
เงินทอง,ngernM thaawngM,noun,capital; property; possessions; money; funds
เงิน ๆทอง ๆ ,ngernM thaawngM,noun,money; wealth; economics
เงินทอน ,ngernM thaawnM,noun,[of money] change from a purchase
เงินที่ให้กู้,ngernM theeF haiF guuF,"noun, phrase",loan
เงินที่เอามาช่วยโครงการนี้เป็นการลงทุนที่สูญเปล่าแน่นอน,ngernM theeF aoM maaM chuayF khro:hngM gaanM neeH bpenM gaanM lohngM thoonM theeF suunR bplaoL naaeF naawnM,example sentence,Funds donated to this project are certainly a waste of money.
เงินทีป ,ngernM theepF,noun,tip (to a waiter)
เงินทุน ,ngernM thoonM,noun,"capital (invested principal or wealth used in trade), money"
เงินทุนหมุนเวียน,ngernM thoonM moonR wiianM,noun,revolving capital
เงินบริจาค,ngernM baawM riH jaakL,noun,financial donation; monetary gift or contribution
เงินบำนาญ ,ngernM bamM naanM,noun,pension
เงินเบิกเกินบัญชี,ngernM beerkL geernM banM cheeM,noun,(bank account) overdraft
เงินประกัน,ngernM bpraL ganM,noun,bail bond; collateral; security
เงินปลอม ,ngernM bplaawmM,noun,counterfeit money
เงินปลีก  ,ngernM bpleekL,noun,coins; small change
เงินปอนด์ ,ngernM bpaawnM,noun,Pound Sterling
เงินปอนด์อังกฤษ ,ngernM bpaawnM angM gritL,noun,British Pound Sterling
เงินปันผล,ngernM bpanM phohnR,noun,dividend; bonus
เงินปันผล,ngernM bpanM phohnR,noun,[เงินปันผล] dividend
,,,
เงินผ่อน,ngernM phaawnL,noun,"[of a payment schedule] an installment, a periodic payment"
เงินฝาก ,ngernM faakL,noun,deposit (as security)
เงินฝืด,ngernM feuutL,noun,(economic) deflation; disinflation
เงินเพิ่ม,ngernM pheermF,noun,fine; surcharge
เงินเฟ้อ,ngernM fuuhrH,noun,(economic) inflation
เงินมีอยู่น้อย ก็ควรค่อย ๆ ใช้ทีละเล็กทีละน้อย ใช้ทีละมาก มันก็หมดเร็วนะสิ,ngernM meeM yuuL naawyH gaawF khuaanM khaawyF khaawyF chaiH theeM laH lekH theeM laH naawyH chaiH theeM laH maakF manM gaawF mohtL reoM naH siL,example sentence,"[We] don't have much money. We should spend only a bit at a time. If we spend too much, [our money] will soon be gone."
เงินไม่ใช่ทุกอย่าง,ngernM maiF chaiF thookH yaangL,example sentence,Money is not everything.
เงินย่อย,ngernM yaawyF,noun,petty cash; small change
เงินยืม,ngernM yeuumM,noun,a loan (of money)
เงินร้อน,ngernM raawnH,noun,rapidly circulated funds; short term investments
เงินร้อน,ngernM raawnH,"noun, colloquial",money obtained via graft or corruption
เงินรางวัล ,ngernM raangM wanM,noun,gratuity
เงินเรือนหมื่น,ngernM reuuanM meuunL,"noun, phrase",tens of thousands of [baht]
เงินลงทุน,ngernM lohngM thoonM,noun,"invested funds, financial investments, invested money or assets"
เงินล่วงเวลา,ngernM luaangF waehM laaM,noun,overtime pay
เงินสด  ,ngernM sohtL,noun,cash
เงินสดย่อย,ngernM sohtL yaawyF,noun,petty cash
เงินสเตอร์ลิง,ngernM saL dtuuhrM lingM,noun,sterling silver; sterling
เงินสนับสนุน,ngernM saL napL saL noonR,noun,grant-in-aid; subsidy; financial assistance
เงินสะสม,ngernM saL sohmR,noun,savings
เงินสินไหมทดแทน,ngernM sinR maiR thohtH thaaenM,"noun, phrase, formal, ancient",a fine
เงินเหรียญ ,ngernM riianR,noun,coin
เงินอุดหนุน,ngernM ootL noonR,noun,grant-in-aid; subsidy; financial assistance
เงิ่น,ngeernF,,[เงิ่น ๆ] [euphonious suffix]
เงิ่น ๆ,ngeernF ngeernF,,[เงิ่น ๆ] [euphonious suffix]
เงินก้อน,ngeernM gaawnF,noun,monetary sum
เงินตรา ,ngeernM dtraaM,"noun, idiom",cash money; currency
เงี่ยง ,ngiiangF,adjective,accidentally; by chance; coincidentally; by fluke
เงี่ยน,ngiianF,"adjective, colloquial, vulgar","[is] horny, [has] lust or aroused libido; craves"
เงียบ ,ngiiapF,adjective,[is] quiet; peaceful; silent
noun,[ความเงียบ] silence,,
verb,[ทำให้เงียบ] to silence; to quiet,,
adverb,[เงียบ ๆ] quietly,,
verb,[เงียบ ๆ] Be quiet!,,
เงียบกริบ,ngiiapF gripL,adjective,[is] dead quiet; deadly silent
เงียบกริบ,ngiiapF gripL,adverb,"quietly,silently, still, reticently, soundlessly"
เงียบกว่า ,ngiiapF gwaaL,noun,quieter
เงียบกันไปพักหนึ่งได้ยินเสียงคนแก่ที่นอนอยู่ไอขึ้น ,ngiiapF ganM bpaiM phakH neungL daiF yinM siiangR khohnM gaaeL theeF naawnM yuuL aiM kheunF,example sentence,We were all quiet for a time when we heard coughing from the old man who had been sleeping.
เงียบขรึม ,ngiiapF khreumR,adjective,quiet; taciturn
เงียบงัน,ngiiapF nganM,"adjective, formal, poetic",[written Thai] completely silent and still
เงียบฉี่,ngiiapF cheeL,noun,[is] absolutely silent
เงียบเชียบ,ngiiapF chiiapF,adjective,[is] soundless; very quiet
เงียบบ้างได้มั้ย,ngiiapF baangF daiF maiH,example sentence,Can I have a little peace and quiet?
เงียบสงบ,ngiiapF saL ngohpL,"adjective, phrase",[is] quiet
เงียบสนิท,ngiiapF saL nitL,adverb,soundless; silent
เงียบเหงา,ngiiapF ngaoR,adjective,[is] lonely
เงียบเหงาเปล่าเปลี่ยว,ngiiapF ngaoR bplaaoL bpliaaoL,adjective,[is] lonely; forelorn; lonesome
เงียบ ๆ,ngiiapF ngiiapF,adverb,[เงียบ ๆ] quietly
เงียบ ๆ,ngiiapF ngiiapF,verb,[เงียบ ๆ] Be quiet!
เงียบ ๆ หน่อย,ngiiapF ngiiapF naawyL,example sentence,Please be quiet.
เงี้ยว,ngiaaoH,noun,snake; legless reptile
adjective,[is] crooked; tortuous; bent; curved,,
"noun, proper noun",a ethnic tribe in northern Thailand; Shan,,
proper noun,[ชนชาติเงี้ยว] One of the Shan tribes in Northern Thailand and Burma,,
เงี่ยหู,ngiiaF huuR,verb,to pay attention; to listen carefully
เงี่ยหูฟัง,ngiiaF huuR fangM,verb,to strain to listen to; pay careful attention to
เงื้อ,ngeuuaH,verb,to raise; elevate; lift up
,,,
เงือก ,ngeuuakF,noun,(chewing) gum
noun,mermaid; merman,,
noun,[นกเงือก] hornbill (bird),,
เงื่อง,ngeuuangF,adjective,[is] sluggish; slothful; slow; tardy; inactive; indolent
เงื่องหงอย,ngeuuangF ngaawyR,adjective,[is] slothful; sluggish; slow; inactive; tardy; indolent
เงื้อง่า,ngeuuaH ngaaF,verb,to raise; lift up
เงื่อน ,ngeuuanF,noun,knot; hitch; noose
เงื่อนงำ,ngeuuanF ngamM,noun,clue; hidden point; hidden element
เงื่อนปม,ngeuuanF bpohmM,noun,condition; agreement; restriction; term
เงื่อนไข,ngeuuanF khaiR,noun,a condition; proviso; stipulation
noun,consideration; factor to be taken into account,,
เงื่อนไขที่พิเศษ,ngeuuanF khaiR theeF phiH saehtL,noun,special condition
เงือบ,ngeuuapF,noun,moving the gills; symptomatic characteristics of respiration of moving the gills
เงื้อม,ngeuuamH,noun,protrusion; overhanging edge; projection; lip
เงื้อมมือ,ngeuuamH meuuM,noun,control; influence; clutch; power
เงื้อมผา,ngeuuamH phaaR,noun,cliff; overhang
แง,ngaaeM,"verb, onomatopoeia",[onomatopoeia] sound of crying; to cry petulantly
adjective,[ขี้แง] [is] whiny; [is a] crybaby,,
แง่ ,ngaaeF,noun,viewpoint; angle; point of view
noun,promontory; ledge; corner,,
แง่ความคิดเห็น ,ngaaeF khwaamM khitH henR,noun,point of view
แง่คิด,ngaaeF khitH,noun,a point of view; perspective
แง่งอน,ngaaeF ngaawnM,noun,artifice; stratagem; trick; ruse
แง่บวก,ngaaeF buaakL,noun,positive aspects; positive features
แง่มุม,ngaaeF moomM,noun,angle; point of view; perspective
แง่ร้าย,ngaaeF raaiH,noun,evil perspective; negative view
แง่ลบ,ngaaeF lohpH,noun,negative aspects; negative features
แง่ง,ngaaengF,noun,root; rhizome
classifier,"[numerical classifier for roots, rhiozomes, stems]",,
แงม ,ngaaemM,,[euphonious suffix]
แง้ม,ngaaemH,adjective,[is] ajar; partly open
แงะ,ngaeH,verb,to pry open; to prise open; to pry out; to pick out from within
แงะ,ngaeH,noun,[ต้นแงะ] Shorea obtusa (Dipterocarpaceae)
แงะ,ngaeH,prefix,[euphonious prefix]
แงะงาม,ngaeH ngaamM,adjective,[แงะงาม] [is] beautiful; pretty; handsome
โง,ngo:hM,verb,lift; raise up; elevate; [as a horse] to rear
โงหัวไม่ขึ้น,ngo:hM huaaR maiF kheunF,adjective,[is] unable to raise one's head
โง่ ,ngo:hF,"adjective, colloquial",[is] stupid; silly; dumb; foolish; vain
โง่ ,ngo:hF,noun,[ความโง่] stupidity; foolishness
โง่แกมหยิ่ง,ngo:hF gaaemM yingL,"adjective, phrase, idiom",[is] stupidly conceited
โง่เขลาเบาปัญญา,ngo:hF khlaoR baoM bpanM yaaM,"adjective, phrase",[is] stupid; brainless; insipid; foolish
โง่เง่า,ngo:hF ngaoF,adjective,[is] stupid; foolish
โง่เง่าเต่าตุ่น! ,ngo:hF ngaoF dtaoL dtoonL,adjective,[derogatory] [is] unintelligent; brainless; dense; dim; half-witted; moronic; obtuse; simple; simple-minded; slow; slow-witted; thick; foolish; asinine; daft (informal); idiotic; imbecilic; inane; nonsensical; pointless; rash; senseless; unintelligent
โง่ได้ถึงขนาดขนาดนั้นเลยเหรอ,ngo:hF daiF theungR khaL naatL khaL naatL nanH leeuyM ruuhrR,example sentence,Can she be that stupid?!?
โง่เหมือนควาย,ngo:hF meuuanR khwaaiM,adjective,[is] dumb as a buffalo
โงก ,ngo:hkF,verb,to sway or nod from drowsiness
โง้ง ,ngo:hngH,verb,to bend; curve
โงนเงน,ngo:hnM ngaehnM,verb,to totter; be lopsided; be unsteady; stagger; tilt; sway
ไง ,ngaiM,adverb,[implying a question] how; what
ไง ,ngaiM,adverb,[colloquial shortening of] ยังไง
ไง ,ngaiM,"adverb, particle",[particle referencing earlier indicated element]
ไง ,ngaiM,"interjection, colloquial",Howdy!
