﻿word,spell,type,meaning
ฉก ,chohkL,"verb, transitive",to commit petty theft; to pilfer; to usurp
verb,[as a snake] to strike,,
ฉกชิง,chohkL chingM,verb,to snatch; steal; pilfer
ฉกชิงวิ่งราว,chohkL chingM wingF raaoM,"verb, phrase",to steal; pilfer; grab and run
ฉก.ร.,chaawR gaawM raawM,"noun, abbreviation",[abbreviation for หน่วยเฉพาะกิจกรมทหารราบ]
ฉกฉวย,chohkL chuayR,verb,to seize; grab; take; wrest; snatch; catch; grasp
ฉกรรจ์ ,chaL ganM,adjective,able-bodied; sturdy; robust; strong; in one's prime
adjective,[is] serious; severe; mortal,,
adjective,fierce; ferocious; brutal,,
ฉกาจ ,chaL gaatL,adjective,"ingenious, masterly, excellent in or at"
adjective,serious; severe; mortal,,
adjective,violent; ferocious; fierce,,
adjective,intrepid; valiant,,
ฉกาจฉกรรจ์,chaL gaatL chaL ganM,adjective,[is] stern; harsh; dour; formidable; serious
ฉงน,chaL ngohnR,adjective,[is] in doubt (about); uncertain (of); doubtful (of)
ฉงนใจ,chaL ngohnR jaiM,adjective,[is] doubtful; skeptical
ฉงนฉงาย,chaL ngohnR chaL ngaaiM,adjective,[is] perplexed; confused
ฉงาย,chaL ngaaiM,adjective,[euphonious suffix for กระษาปณ์]
ฉช.,chaL cheerngM saoM,"proper noun, abbreviation",[abbreviation for ฉะเชิงเทรา ] CCO
ฉนวน ,chaL nuaanR,noun,a covered walkway; a breezeway; a corridor
noun,an electric insulator,,
ฉนาก ,chaL naakL,noun,"a sawfish, Pristis perrotteti, Pristis cuspidatus (Pristidae)"
ฉบัง,chaL bangM,"noun, proper noun, formal, loanword, Khmer",[กาพย์ฉบัง] [a type of Thai versification in which one stanza contains sixteen words or syllables]
ฉบับ ,chaL bapL,noun,transcript; document; copy
"noun, formal","edition, copy, issue of a magazine or newspaper; [formal term officially endorsed by the Royal Institute] version (of software)",,
classifier,"[numerical classifier for periodicals, documents, legal documents, newspapers, essays, e-mail, mail, letters, contracts]",,
ฉบับเดี่ยวเนี่ยะเหรอ,chaL bapL diaaoL niaF ruuhrR,example sentence,Just the one copy? [That’s all?].
ฉบับพิมพ์,chaL bapL phimM,noun,(publishing) edition; reprint
ฉบับพิสดาร,chaL bapL phitH saL daanM,adjective,unabridged version
ฉบับสำเนา ,chaL bapL samR naoM,"noun, phrase, formal",a copy (of a document)
ฉบับหน้า ,chaL bapL naaF,noun,next issue
ฉมวก ,chaL muaakL,noun,harpoon; spear
ฉมัง ,chaL mangR,adjective,apt; inclined; suitable
ฉล ,chohnR,"verb, transitive",to cheat; to embezzle
ฉลวย,chaL luayR,"proper noun, person",Chaluay [a Thai given name (unisex)]
ฉลอง ,chaL laawngR,"verb, transitive, intransitive",to celebrate
"verb, transitive",to cross; to cross over; to substitute; to support; to replace,,
,[เลี้ยงฉลอง] celebration dinner; banquet,,
,[เลี้ยงฉลอง] to give a celebration dinner; to host a celebratrion,,
ฉลองครบรอบศตวรรษ,chaL laawngR khrohpH raawpF saL dtaL watH,verb,to celebrate a centennial event
ฉลอม ,chaL laawmR,noun,[เรือฉลอม] [the type of boat known as a] junk
ฉลาก,chaL laakL,noun,a label
ฉลาด ,chaL laatL,adjective,[is] smart; intelligent; clever
,"[ปลาฉลาด] the sawfish, genus Pristis",,
ฉลาดกว่า ,chaL laatL gwaaL,adjective,[is] smarter than...
ฉลาดแกมโกง,chaL laatL gaaemM go:hngM,"adjective, phrase",[is] fiendishly clever; crafty in a dishonest way
ฉลาดเฉลียว,chaL laatL chaL liaaoR,adjective,perceptive; intelligent; discerning
ฉลาดทางอารมณ์,chaL laatL thaangM aaM rohmM,noun,E.Q.; emotional intelligence
ฉลาดเป็นกรด,chaL laatL bpenM grohtL,adjective,extremely intelligent; sharp; smart
ฉลาดเหมือนศรีธนญชัย,chaL laatL meuuanR seeR thaH nohnM chaiM,"verb, phrase",[is] crafty; tricky; full of guile; wiley
ฉลาม ,chaL laamR,noun,shark
noun,[ปลาฉลาม] the shark,,
ฉลามชล,chaL laamR chohnM,"noun, proper noun",The Sharks (nickname for Thai football team Chonburi FC)
ฉลุ ,chaL looL,verb,to perforate; to open up
ฉลุย,chaL luyR,verb,to go through easily
adverb,fast; easily,,
ฉลู ,chaL luuR,"noun, proper noun","[ปีฉลู] the Ox; the second year of the Chinese astrological cycle, marked by the symbol of an ox"
ฉวย,chuayR,"verb, transitive",to seize at; to snatch; to grab; to catch
conjunction,lest...; perchance...; in the (unfortunate) case that...,,
ฉวยจังหวะ,chuayR jangM waL,phrase,to take advantange of an opening
ฉวยโอกาส,chuayR o:hM gaatL,,to take advantage of an opportunity; to seize the day
ฉวยโอกาส,chuayR o:hM gaatL,,to take credit for what someone else has done
ฉวัดเฉวียน ,chaL watL chaL wiianR,verb,[of a bird or plane] to circle in the air; drive around in circles; circulate
adverb,circuitously,,
ฉวี ,chaL weeR,adjective,having beautiful complexion
ฉวีวรรณ,chaL weeR wanM,noun,complexion
ฉอ ,chaawR,,[pronunciation of the 9th letter of the Thai alphabet]
"adjective, loanword, Pali",[Pali numeral] six; [usually used as a prefix] sixth,,
,,,
ฉอศก,chaawR sohkL,noun,the sixth year of the decade
ฉ้อ,chaawF,verb,"to cheat, scam, swindle, or embezzle"
adjective,[ขี้ฉ้อ] [is] (a) scamming (person); cheating,,
ฉ้อกลางเมือง ,chaawF glaangM meuuangM,"verb, intransitive",to defraud the public
ฉ้อโกง,chaawF go:hngM,verb,to cheat
ฉ้อฉล,chaawF chohnR,verb,to defraud; embezzle; bilk; swindle; fleece
ฉ้อฉล,chaawF chohnR,adjective,[is] deceptive; fraudulent; dishonest
ฉ้อราษฎร์บังหลวง,chaawF raatF bangM luaangR,"adjective, verb",[is] corrupt (in a government position); to embezzle; peculate; swindle
ฉ่อง,chaawngL,"verb, intransitive",to shine
adjective,[is] bright,,
adjective,narrow at the bottom and wide at the top,,
noun,[คันฉ่อง] two-fold mirror; cosmetic/dressing mirror,,
ฉ่อย ,chaawyL,noun,a [specific type of] Thai folk song accompanied by กรับ 
ฉะ,chaL,verb,to slash; chop; hack; cut; hit
verb,to quarrel; argue; bicker; brawl; fight; attack; scold,,
ฉะฉาน,chaL chaanR,adjective,[speaks] distinctly and clearly; [is] lucid and forceful (in articulation)
adverb,distinctly; clearly; forcefully,,
ฉะเชิงเทรา ,chaL cheerngM saoM,"proper noun, geographical","Chachoengsao, a province in central Thailand with a 1995 population of 609,241 (rank 38 of 76)"
ฉะนั้น,chaL nanH,adverb,consequently; thus
ฉะนั้นก็อาจจะสรุปได้ว่า ขอเสียงหน่อย นะครับ แค่นิดหน่อยก็พอ ไม่ต้องมาก,chaL nanH gaawF aatL jaL saL roopL daiF waaF khaawR siiangR naawyL naH khrapH khaaeF nitH naawyL gaawF phaawM maiF dtawngF maakF,example sentence,"Therefore, we can summarize as follows: Let’s have some noise, but only a little bit – we don’t need a lot."
ฉะนั้น จึงไม่ต้องมีดี-ชั่วในการแบ่งประเภท,chaL nanH jeungM maiF dtawngF meeM deeM chuaaF naiM gaanM baengL bpraL phaehtF,example sentence,"Thus, there need be no good or evil [used] in in taxonomy or classification."
ฉะนั้นฉันอยากให้เธอคบกับฉันแบบเพื่อนไปก่อน จะได้ไหม,chaL nanH chanR yaakL haiF thuuhrM khohpH gapL chanR baaepL pheuuanF bpaiM gaawnL jaL daiF maiH,example sentence,"Therefore, I want you to have a relationship with me as a friend first. Is this possible?"
ฉะนั้น เด็ก ๆ ต้องได้ฝ่าคืบอย่าเอาศอก,chaL nanH dekL dekL dtawngF daiF faaL kheuupF yaaL aoM saawkL,example sentence,"So, kids, take what you can get, don’t be greedy. [So, kids, take an inch, don’t take a mile]"
ฉะนั้น แม้เจ้าของภาษาจะรับรู้ภาษาแม่แล้ว แต่ก็ยังต้องเรียนรู้อีก ๓ เรื่อง,chaL nanH maaeH jaoF khaawngR phaaM saaR jaL rapH ruuH phaaM saaR maaeF laaeoH dtaaeL gaawF yangM dtawngF riianM ruuH eekL saamR reuuangF,example sentence,"Therefore, even native speakers who already have absorbed their mother tongue, still need to learn three things:."
ฉะนี้,chaL neeH,adverb,consequently; so; thus
ฉะบับ,chaL bapL,,[alternate spelling of ฉบับ ]
ฉะเพาะ,chaL phawH,,[alternate spelling of เฉพาะ ]
ฉะอ้อน ,chaL aawnF,verb,to coax; talk one out of something; to urge
adjective,graceful; slender; shapely; statuesque,,
ฉัตร,chatL,noun,a royal (multi-tiered) umbrella; parasol
noun,teacher,,
noun,[name of] a constellation,,
ฉัตรมงคล,chatL dtraL mohngM khohnM,noun,coronation ceremony
ฉัน ,chanR,pronoun,"[used by females in an informal setting—also used by males with intimate friends or lovers] I, me, my"
pronoun,"[the possessive determiner] ""my",,
conjunction,as if; on the basis of; acting as,,
verb,[holy language used by monks] to eat,,
ฉัน,chanH,,[alternate pronunciation of ฉัน ]
ฉันก็คิดถึงคุณค่ะ ,chanR gaawF khitH theungR khoonM khaF,example sentence,"I missed you, too"" [spoken by a woman]"
ฉันก็คิดถึงเธอ,chanR gaawF khitH theungR thuuhrM,example sentence,I miss you too.
ฉันก็ได้แต่เพ้ออันไปลม ๆ แล้ง ๆ ตามประสาคนไม่เคยมีความรัก,chanR gaawF daiF dtaaeL phuuhrH anM bpaiM lohmM lohmM laaengH laaengH dtaamM bpraL saaR khohnM maiF kheeuyM meeM khwaamM rakH,example sentence,I only have foolish dreams like someone who has never been in love.
ฉันก็ปากหนักที่ไม่ถามท่านตอนนั้นซะเลย ปล่อยให้วันเวลาล่วงผ่านมาได้เกือบเดือนแล้ว,chanR gaawF bpaakL nakL theeF maiF thaamR thanF dtaawnM nanH saH leeuyM bplaawyL haiF wanM waehM laaM luaangF phaanL maaM daiF geuuapL deuuanM laaeoH,example sentence,I held my tongue and did not ask him right then and there; I had off asking him for almost a month.
ฉันก็รักเธอ,chanR gaawF rakH thuuhrM,example sentence,I love you too.
ฉันกำลังจะโทรหาคุณ แต่ฉันดันลืมมือถือไว้ในรถ,chanR gamM langM jaL tho:hM haaR khoonM dtaaeL chanR danM leuumM meuuM theuuR waiH naiM rohtH,example sentence,I was about to call you but I forgot my phone in the car.
ฉันกำลังมองหางานทำหลังจากเรียนจบ,chanR gamM langM maawngM haaR ngaanM thamM langR jaakL riianM johpL,example sentence,I am currently looking for a job to do after I finish my education.
ฉันกินกระจกได้,chanR ginM graL johkL daiF,example sentence,I can eat glass.
ฉันกินและเขาพูดเร็ว,chanR ginM laeH khaoR phuutF reoM,example sentence,"I ate, and he spoke, quickly."
ฉันกินเห็ดไม่ได้เลย ,chanR ginM hetL maiF daiF leeuyM,example sentence,I cannot eat mushrooms at all.
ฉันกินอาหารจานไหนได้บ้างคะ ,chanR ginM aaM haanR jaanM naiR daiF baangF khaH,example sentence,What dishes can I eat?
ฉันเก็บเอาไว้ ให้เธอ,chanR gepL aoM waiH haiF thuuhrM,example sentence,I’ll devote it all to you.
ฉันเกลียดน้ำหน้าหมอนั่น,chanR gliiatL naamH naaF maawR nanF,,I detest the likes of that guy!
ฉันเกลียดอ้ายตำรวจนอกรีต มาหาเศษหาเลยกับชาวบ้านที่หาเช้ากินค่ำ ,chanR gliiatL aaiF dtamM ruaatL naawkF reetF maaM haaR saehtL haaR leeuyM gapL chaaoM baanF theeF haaR chaaoH ginM khamF,example sentence,I can’t stand those depraved cops! They’re always coming around and nickel and diming the poor locals who are living hand to mouth.
ฉันโกรธเขาไม่ลง ,chanR gro:htL khaoR maiF lohngM,example sentence,I just can’t bring myself to get mad at him.
ฉันขอโทษที่รบกวน,chanR khaawR tho:htF theeF rohpH guaanM,example sentence,Sorry to bother you. (spoken by a woman).
ฉันขายรถคันนี้ไม่ลง มันเหมือนเป็นส่วนหนึ่งของฉัน ,chanR khaaiR rohtH khanM neeH maiF lohngM manM meuuanR bpenM suaanL neungL khaawngR chanR,example sentence,"I just can’t bring myself to sell this car, it’s like a part of me."
ฉันเข้าไปในเมืองและใช้จ่ายเงินจำนวนมากเป็นครั้งคราว,chanR khaoF bpaiM naiM meuuangM laeH chaiH jaaiL ngernM jamM nuaanM maakF bpenM khrangH khraaoM,example sentence,Every now and then I go to town and spend lots of money.
ฉันควรจะกลับไปเชียงใหม่สัปดาห์หน้า ,chanR khuaanM jaL glapL bpaiM chiiangM maiL sapL daaM naaF,example sentence,I ought to go back to Chiang Mai next week.
ฉันคิดถึงคุณ,chanR khitH theungR khoonM,example sentence,I miss you.
ฉันคิดไม่ถึงจริง ๆ ว่าคนที่สังคมยกย่องว่าเป็นคนดีจะทำเรื่องเลวทรามได้ถึงขนาดนี้,chanR khitH maiF theungR jingM waaF khohnM theeF sangR khohmM yohkH yaawngF waaF bpenM khohnM deeM jaL thamM reuuangF laayoM saamM daiF theungR khaL naatL neeH,example sentence,I just can’t understand how someone who is so respected by the public can do something as awful as this.
ฉันคิดว่าคุณทราบว่าหมาไล่รถ,chanR khitH waaF khoonM saapF waaF maaR laiF rohtH,example sentence,I think that you know that dogs chase cars.
ฉันคิดว่าเธอต้องอยากรู้,chanR khitH waaF thuuhrM dtawngF yaakL ruuH,example sentence,"""I just thought that you needed and wanted to know."""
ฉันเคยตบหล่อนไปครั้งนึง หล่อนคงยังโกรธฉันอยู่,chanR kheeuyM dtohpL laawnL bpaiM khrangH neungM laawnL khohngM yangM gro:htL chanR yuuL,example sentence,I slapped her once; she might still be angry at me.
,,,
ฉันเคยไปที่นั่นสองครั้งแล้ว ,chanR kheeuyM bpaiM theeF nanF saawngR khrangH laaeoH,example sentence,I have been there twice already.
ฉันแค่เอ็นดูเธอ,chanR khaaeF enM duuM thuuhrM,example sentence,I love only you.
ฉันฆ่าม้าแก่ตัวนี้ไม่ลง ,chanR khaaF maaH gaaeL dtuaaM neeH maiF lohngM,example sentence,I just can’t bring myself to kill the old horse.
ฉันจะกลับบ้านตอนเย็น ,chanR jaL glapL baanF dtaawnM yenM,example sentence,I will go home in the evening.
ฉันจะกลับบ้านทันทีที่งานเสร็จ ,chanR jaL glapL baanF thanM theeM theeF ngaanM setL,example sentence,I will go home as soon as the work is finished.
ฉันจะกลับมาในไม่ช้า ,chanR jaL glapL maaM naiM maiF chaaH,example sentence,I will come back soon.
ฉันจะขับรถคันนั้นเอง ,chanR jaL khapL rohtH khanM nanH aehngM,example sentence,I will drive that car myself.
ฉันจะขับรถเอง ,chanR jaL khapL rohtH aehngM,example sentence,I will drive the car myself.
ฉันจะเขียนหนังสือไว้,chanR jaL khiianR nangR seuuR waiH,example sentence,I will leave a letter (for him).
ฉันจะช่วยคุณเอง,chanR jaL chuayF khoonM aehngM,phrase,I'll help you myself.
ฉันจะต้องไปเดี๋ยวนี้แล้ว ,chanR jaL dtawngF bpaiM diaaoR neeH laaeoH,example sentence,I must go now.
ฉันจะต้องไปตัดผม ,chanR jaL dtawngF bpaiM dtatL phohmR,example sentence,I must go and have a haircut.
ฉันจะทำอะไรก่อนดี,chanR jaL thamM aL raiM gaawnL deeM,example sentence,What should I do first?
ฉันจะทำอะไรก่อนดีนะ เล่นเฟซบุ๊กออนบีบี แต่มันก็ทำได้พร้อมกันอยู่แล้วนี่,chanR jaL thamM aL raiM gaawnL deeM naH lenF faehsF bookH aawnM beeM beeM dtaaeL manM gaawF thamM daiF phraawmH ganM yuuL laaeoH neeF,example sentence,"What should I do first? [Should I] do Facebook or get on-line with my Blackberry account? But, [what am I thinking?] I can do both at the same time!"
ฉันจะบอกเลิกเขาแล้วนะ เขาเรื่องมาก ทั้งต้องไปรับไปส่ง ต้องโทรหาก่อนนอน ต้องรายงานตัวตลอด แม้กระทั่งเข้าห้องน้ำ ก็ต้องบอกว่าเข้าไปทำอะไร ,chanR jaL baawkL leerkF khaoR laaeoH naH khaoR reuuangF maakF thangH dtawngF bpaiM rapH bpaiM sohngL dtawngF tho:hM haaR gaawnL naawnM dtawngF raaiM ngaanM dtuaaM dtaL laawtL maaeH graL thangF khaoF haawngF naamH gaawF dtawngF baawkL waaF khaoF bpaiM thamM aL raiM,example sentence,"I’m going to break up with her. She’s so demanding. I have to take her to work and pick her up...Call her before going to sleep...have to report in all the time, even when I go to the bathroom, I have to report what I do."
ฉันจะบ้าตาย! ,chanR jaL baaF dtaaiM,"example sentence, colloquial",I feel so crazy I could die!
ฉันจะปฏิเสธไปก็ดูกระไรอยู่ ,chanR jaL bpaL dtiL saehtL bpaiM gaawF duuM graL raiM yuuL,example sentence,It would be rude for me to refuse.
ฉันจะไปคนเดียว ,chanR jaL bpaiM khohnM diaaoM,example sentence,I am going alone.
ฉันจะไปเดี๋ยวนี้แหล่ะ ,chanR jaL bpaiM diaaoR neeH laeL,"example sentence, colloquial",I will come now.
ฉันจะไปพบคุณที่สามเสน ,chanR jaL bpaiM phohpH khoonM theeF saamR saehnR,example sentence,(I) will see you at Samsen.
ฉันจะไปพรุ่งนี้ ,chanR jaL bpaiM phroongF neeH,example sentence,I will go tomorrow.
ฉันจะไปรับเพื่อนที่ธนบุรี ,chanR jaL bpaiM rapH pheuuanF theeF thohnM booL reeM,example sentence,I am going to Tonburi to pick up a friend.
ฉันจะไปหาเขาวันนี้ ,chanR jaL bpaiM haaR khaoR wanM neeH,example sentence,I will go and see him today.
ฉันจะไปหาคุณปรีชาวันที่สิบ ,chanR jaL bpaiM haaR khoonM bpreeM chaaM wanM theeF sipL,example sentence,I will go and see Mr. Preechar on the 10th.
ฉันจะไปหาแดง ,chanR jaL bpaiM haaR daaengM,example sentence,I am going to see Dang.
ฉันจะไปหาเพื่อนที่อยู่บ้านใหญ่โน้น ,chanR jaL bpaiM haaR pheuuanF theeF yuuL baanF yaiL no:hnH,example sentence,I am going to see my friend who lives in that big house over there.
ฉันจะไปอาบน้ำ,chanR jaL bpaiM aapL naamH,phrase,I'm going to take a shower.
ฉันจะพบคุณได้ที่ไหน ,chanR jaL phohpH khoonM daiF theeF naiR,example sentence,Where will I see (meet) you?
ฉันจะรอเธอจนกว่าจะตาย,chanR jaL raawM thuuhrM johnM gwaaL jaL dtaaiM,example sentence,I will wait for you until I die.
ฉันจะรอเธอจนถึงพรุ่งนี้เช้า,chanR jaL raawM thuuhrM johnM theungR phroongF neeH chaaoH,example sentence,I will wait for you until tomorrow morning.
ฉันจะรอเธอไปจนตาย,chanR jaL raawM thuuhrM bpaiM johnM dtaaiM,example sentence,I will wait for you until my death.
ฉันจะรักสำหรับคุณเสมอ,chanR jaL rakH samR rapL khoonM saL muuhrR,example sentence,"I'll have love for you, always."
ฉันจะลงที่นี่ค่ะ ,chanR jaL lohngM theeF neeF khaF,example sentence,I'll get out here.
ฉันจะลงที่นี่แหละ ,chanR jaL lohngM theeF neeF laeL,example sentence,I will get out of the car here.
ฉันจะล่อมันเอง,chanR jaL laawF manM aehngM,example sentence,I'll deal with him myself.
ฉันจะสืบให้รู้ให้ได้ว่าเขาเป็นใครกันแน่,chanR jaL seuupL haiF ruuH haiF daiF waaF khaoR bpenM khraiM ganM naaeF,"example sentence, colloquial",I will totally find out the truth about who he really is!
ฉันจึงคิดต่อว่า คงไม่เป็นไรนะแป๊บเดียวที่ถุงอยู่ใน,chanR jeungM khitH dtaawL waaF khohngM maiF bpenM raiM naH bpaaepH diaaoM theeF thoongR yuuL naiM,example sentence,"So, I think to myself, well, there’s nothing wrong; the bag has been [in the bowl] for only a brief moment."
ฉันฉุนกึกและนึกโมโหตัวเองที่ทำให้เกิดเรื่องเช่นนี้ขึ้น,chanR choonR geukL laeH neukH mo:hM ho:hR dtuaaM aehngM theeF thamM haiF geertL reuuangF chenF neeH kheunF,example sentence,I got very angry at myself that I caused this to occur.
ฉันชอบเขาไม่ใช่เพราะว่าเขาเป็นหมอและหล่อ แต่เพราะความคิดและทัศนคติของเขา,chanR chaawpF khaoR maiF chaiF phrawH waaF khaoR bpenM maawR laeH laawL dtaaeL phrawH khwaamM khitH laeH thatH saL naH khaH dtiL khaawngR khaoR,example sentence,"I like him, not because he is a doctor and is handsome, but because of his ideas and perspectives."
ฉันชอบจมูกบี้ของเธอทำให้หน้าเธอน่ารักเหมือนตุ๊กตา,chanR chaawpF jaL muukL beeF khaawngR thuuhrM thamM haiF naaF thuuhrM naaF rakH meuuanR dtookH gaL dtaaM,example sentence,I like your stubby little nose; it makes you look as cute as a doll.
"ฉันชอบเดินทางด้วยรถไฟนะ ชอบดูผู้คน รู้สึกว่ารถไฟไม่บีบให้ชีวิตต้องหยุดนิ่ง"" คนท้องร่วมวงสนทนา ",chanR chaawpF deernM thaangM duayF rohtH faiM naH chaawpF duuM phuuF khohnM ruuH seukL waaF rohtH faiM maiF beepL haiF cheeM witH dtawngF yootL ningF khohnM thaawngH ruaamF wohngM sohnR thaH naaM,example sentence,"“I like travelling by train; I like to watch people. I feel that trains do not force my life to stand still,” the pregnant woman said, joining the conversation."
ฉันชอบเที่ยวภูเขา,chanR chaawpF thiaaoF phuuM khaoR,example sentence,I like mountaineering.
ฉันชอบพกไดอารี่ติดตัวไปไหนมาไหนด้วยเสมอ,chanR chaawpF phohkH daiM aaM reeF dtitL dtuaaM bpaiM naiR maaM naiR duayF saL muuhrR,example sentence,I always like to carry a diary with me wherever I go.
ฉันชอบเสื้อผ้าที่บางเบาใส่สบายมากกว่าผ้าหนา ๆ,chanR chaawpF seuuaF phaaF theeF baangM baoM saiL saL baaiM maakF gwaaL phaaF naaR,example sentence,I like (wearing) light and breezy clothes (because) they are more comfortable than heavy clothes.
ฉันชอบห้องที่ใช้สีขาว ดูกว้างขวางสะอาดตาดี,chanR chaawpF haawngF theeF chaiH seeR khaaoR duuM gwaangF khwaangR saL aatL dtaaM deeM,example sentence,I like rooms which [are painted] white; [they] seem large and tidy.
ฉันชื่อ... ,chanR cheuuF,"phrase, colloquial","[spoken by a female] ""My name is..."
ฉันเชื่อแล้วว่านักเขียนในประเทศนี้ไส้แห้งจริง ๆ,chanR cheuuaF laaeoH waaF nakH khiianR naiM bpraL thaehtF neeH saiF haaengF jingM jingM,example sentence,Now I really do believe that writers in this country really are poverty stricken.
ฉันซื้อกระโปรงนี่มาฝากพี่พิกุล เธอชอบมั้ยนะ,chanR seuuH graL bpro:hngM neeF maaM faakL pheeF phiH goonM thuuhrM chaawpF maiH naH,example sentence,I bought this skirt for [big-sister] Phikun – will she like it? [Do you suppose she will?].
ฉันซื้อกระโปรงนี่มาฝาก หนูชอบมั้ยล่ะ,chanR seuuH graL bpro:hngM neeF maaM faakL nuuR chaawpF maiH laF,example sentence,I bought you this skirt – do you like it? [How about it – do you?].
ฉันซื้อผ้ามาฝากชิ้นหนึ่งล่ะ,chanR seuuH phaaF maaM faakL chinH neungL laF,example sentence,Look at this piece of cloth I bought for you!
,,,
ฉันซื้อเสื้อท่อนบนมาตัวหนึ่ง เหมือนกับของเธอ นี่ไง,chanR seuuH seuuaF thaawnF bohnM maaM dtuaaM neungL meuuanR gapL khaawngR thuuhrM neeF ngaiM,example sentence,"I bought a new blouse-top, just like yours. This is it."
ฉันญาติ,chanR yaatF,"adverb, phrase",like members of the same family
ฉันญาติพี่น้อง,chanR yaatF pheeF naawngH,"adverb, phrase",like family; like members of the same family; like close relatives
ฉันดีใจเป็นที่สุดเลยค่ะที่ทราบข่าวว่าการผ่าตัดปลอดภัย ,chanR deeM jaiM bpenM theeF sootL leeuyM khaF theeF saapF khaaoL waaF gaanM phaaL dtatL bplaawtL phaiM,example sentence,I was so happy when I heard the good news that you came through your operation safely.
ฉันดีใจเป็นล้นพ้น วางใจว่ากลับไปจะต้องเจอกระเป๋าของแม่แน่ ๆ,chanR deeM jaiM bpenM lohnH phohnH waangM jaiM waaF glapL bpaiM jaL dtawngF juuhrM graL bpaoR khaawngR maaeF naaeF,example sentence,I was extremely happy; I was confident that when I returned I would find my mother’s handbag for sure.
ฉันเดินแกมวิ่งฝ่าฝูงชนทั้ง ๆ หน้าตาผมเผ้าเลอะเทอะรุงรัง,chanR deernM gaaemM wingF faaL fuungR chohnM thangH naaF dtaaM phohmR phaoF luhH thuhH roongM rangM,example sentence,"I half walked, half ran, against the crowd while my looks and hair were dirty and wild."
ฉันเดินซื้อของเพลินจนลืมเวลานัดหมาย,chanR deernM seuuH khaawngR phleernM johnM leuumM waehM laaM natH maaiR,example sentence,I was having such a good time shopping that I forgot all about our date.
ฉันเดินไปที่ต้นไม้เห็นตัวแมลงเล็ก ๆ บินว่อนเป็นกลุ่มใหญ่,chanR deernM bpaiM theeF dtohnF maaiH henR dtuaaM maH laaengM lekH lekH binM waawnF bpenM gloomL yaiL,example sentence,"[As] I was walking among the trees, I saw a large swarm of small bugs fluttering around."
ฉันโดนแม่เทศน์เสียหลายกัณฑ์เลย,chanR do:hnM maaeF thaehtF siiaR laaiR ganM leeuyM,example sentence,My mother read me the riot act.
ฉันใด,chanR daiM,conjunction,why
ฉันใด,chanR daiM,adverb,Just as...
ฉันได้เงินจากลูกหนี้เป็นเบี้ยหัวแตกทั้งนั้น แต่จะไม่เอาก็ไม่ได้เพราะกลัวหนี้สูญไปเฉย,chanR daiF ngernM jaakL luukF neeF bpenM biiaF huaaR dtaaekL thangH nanH dtaaeL jaL maiF aoM gaawF maiF daiF phrawH gluaaM neeF suunR bpaiM cheeuyR,example sentence,"All the money I receive from debtors is in little bits and pieces; but, if I do not get [the money] this way I won’t get it at all because I am concerned that the debts will be completely uncollectable."
ฉันได้เตือนเขาจนปากเปียกแล้ว แต่เขาไม่ยอมฟังเสียงใคร,chanR daiF dteuuanM khaoR johnM bpaakL bpiiakL laaeoH dtaaeL khaoR maiF yaawmM fangM siiangR khraiM,example sentence,"I have warned him over and over again; but, he would listen to anyone."
ฉันได้ยินทะเลาะเพรียกหามาตามสายลม,chanR daiF yinM thaH lawH phriiakF haaR maaM dtaamM saaiR lohmM,example sentence,I heard arguing and shouting carried the breeze.
ฉันได้รับของที่คุณส่งมาแล้วเมื่อเย็นนี้,chanR daiF rapH khaawngR theeF khoonM sohngL maaM laaeoH meuuaF yenM neeH,example sentence,I received the stuff that you sent me this evening.
ฉันได้รับจดหมายฉบับเดียวเท่านั้น ,chanR daiF rapH johtL maaiR chaL bapL diaaoM thaoF nanH,example sentence,I have received one letter only.
ฉันตกตะลึงตาเหลือกเมื่อเห็นเลือดหยดไหลเป็นทาง,chanR dtohkL dtaL leungM dtaaM leuuakL meuuaF henR leuuatF yohtL laiR bpenM thaangM,example sentence,I was shocked with my eyes wide open when I saw the trail of blood drops.
ฉันต้องการเขียนจดหมายสองฉบับ ,chanR dtawngF gaanM khiianR johtL maaiR saawngR chaL bapL,example sentence,I want to write two letters.
ฉันต้องการน้ำตาลหนึ่งกิโลครึ่ง ,chanR dtawngF gaanM namH dtaanM neungL giL lo:hM khreungF,example sentence,I want 1½ kilos of sugar.
ฉันต้องการผ้าแดงลายดอกเหลือง ,chanR dtawngF gaanM phaaF daaengM laaiM daawkL leuuangR,example sentence,I want some red cloth with a yellow flowery pattern.
ฉันต้องการมะละกอใหญ่ ๆ หนึ่งลูก ,chanR dtawngF gaanM maH laH gaawM yaiL yaiL neungL luukF,example sentence,I want one large papaya.
ฉันต้องการให้คุณอยู่กับฉันและไม่คุยหรือมองผู้หญิงคนอื่นอีก,chanR dtawngF gaanM haiF khoonM yuuL gapL chanR laeH maiF khuyM reuuR maawngM phuuF yingR khohnM euunL eekL,example sentence,"[spoken by a female] ""I want you to be with me and not chat with—or look at—other women any more."
ฉันต้องการอีกสามเล่ม ,chanR dtawngF gaanM eekL saamR lemF,example sentence,I want three more books.
ฉันต้องไปดักหน้าเขาไว้ก่อน เพื่อบอกความจริงกับเขา,chanR dtawngF bpaiM dakL naaF khaoR waiH gaawnL pheuuaF baawkL khwaamM jingM gapL khaoR,example sentence,I have to have to go and block him first in order the tell him the truth.
ฉันต้องพึ่งพาเขา เพราะฉันยังเด็ก หาเงินเลี้ยงตัวเองไม่ได้,chanR dtawngF pheungF phaaM khaoR phrawH chanR yangM dekL haaR ngernM liiangH dtuaaM aehngM maiF daiF,example sentence,I am dependent on him because I am still a child; I cannot earn money to support myself.
ฉันต้องรักษาสัญญาที่ให้ไว้,chanR dtawngF rakH saaR sanR yaaM theeF haiF waiH,example sentence,"[spoken by a female] ""I must keep the promise I made."
ฉันต้องเอาตัวรอดโดยต้องเป็นคนหูตาไว เป็นคนจมูกไว,chanR dtawngF aoM dtuaaM raawtF dooyM dtawngF bpenM khohnM huuR dtaaM waiM bpenM khohnM jaL muukL waiM,example sentence,I need to survive by becoming more aware [of my surroundings] and being more astute [as to what is happening in the world].
ฉันตายด้านในเรื่องความรักเสียแล้วหลังจากที่ฉันเคยผิดหวังกับความรัก,chanR dtaaiM daanF naiM reuuangF khwaamM rakH siiaR laaeoH langR jaakL theeF chanR kheeuyM phitL wangR gapL khwaamM rakH,example sentence,I have become desensitized to love after I was disappointed in [a] love [affair].
ฉันเตรียมตัวจะไปท่องเที่ยว,chanR dtriiamM dtuaaM jaL bpaiM thaawngF thiaaoF,example sentence,I am getting ready to go out touring.
ฉันถามว่าคุณทราบว่าหมาไล่รถไหม,chanR thaamR waaF khoonM saapF waaF maaR laiF rohtH maiR,example sentence,I ask whether you know that dogs chase cars.
ฉันถูก เธอแหล่ะผิด! ,chanR thuukL thuuhrM laeL phitL,"example sentence, colloquial",I was right! You were wrong!
ฉันทานแต่ซีฟู้ด/อาหารทะเล ไก่และไก่งวงเท่านั้น...ไม่ทานหมูและเนื้อแดงค่ะ.,chanR thaanM dtaaeL seeM fuutH aaM haanR thaH laehM gaiL laeH gaiL nguaangM thaoF nanH maiF thaanM muuR laeH neuuaH daaengM khaF,example sentence,"I eat seafood, chicken and turkey, but no pork or red meat."
ฉันทานแต่อาหารทะเล ไก่ และ ไก่งวงเท่านั้น,chanR thaanM dtaaeL aaM haanR thaH laehM gaiL laeH gaiL nguaangM thaoF nanH,example sentence,"I only eat seafood, chicken, and turkey."
ฉันทานอาหารทะเล ไก่ และ ไก่งวง,chanR thaanM aaM haanR thaH laehM gaiL laeH gaiL nguaangM,,"I eat seafood, chicken, and turkey."
ฉันทำงานตัวเป็นเกลียวนะ ไปเกาะช้างกันเถอะ จะได้ทำตัวหลุดโลกกันเสียบ้าง ,chanR thamM ngaanM dtuaaM bpenM gliaaoM naH bpaiM gawL chaangH ganM thuhL jaL daiF thamM dtuaaM lootL lo:hkF ganM siiaR baangF,example sentence,I have been working myself into a knot! Let’s go to Ko Chang this weekend and just get away from it all a little bit.
ฉันนะยังไม่เชื่อตาตัวเองเลย! ,chanR naH yangM maiF cheuuaF dtaaM dtuaaM aehngM leeuyM,example sentence,I still can't believe my own eyes.
ฉันนั่งจับต้นชนปลายอยู่พักหนึ่งก็รู้ว่าโดนหลอกเข้าแล้ว,chanR nangF japL dtohnF chohnM bplaaiM yuuL phakH neungL gaawF ruuH waaF do:hnM laawkL khaoF laaeoH,example sentence,I sat down for a moment and figured out that I was being deceived.
ฉันนั้น,chanR nanH,"adverb, phrase","Likewise."" — in a similar way to that"
ฉันบอกกับคุณแล้วว่าฉันไม่เคยผิดสัญญา,chanR baawkL gapL khoonM laaeoH waaF chanR maiF kheeuyM phitL sanR yaaM,example sentence,"[spoken by a female] ""I told you, I never break a promise."
ฉันบอกเธอไปไม่รู้กี่ครั้งกี่หนว่าวิธีนี้มันใช้ไม่ได้ เธอก็ยังทำเหมือนเดิม,chanR baawkL thuuhrM bpaiM maiF ruuH geeL khrangH geeL hohnR waaF wiH theeM neeH manM chaiH maiF daiF thuuhrM gaawF yangM thamM meuuanR deermM,example sentence,I don’t know how many times I told you that this method doesn’t work but you just keep on doing it the same old way.
ฉันบอกเรื่องนี้ให้คุณรู้ แต่ห้ามคุณไปปูดให้ใครฟังนะ,chanR baawkL reuuangF neeH haiF khoonM ruuH dtaaeL haamF khoonM bpaiM bpuutL haiF khraiM fangM naH,example sentence,"I will tell you this story for your information, but do not tell anyone else."
ฉันบอกให้ต้มน้ำทุกเช้า ทำไมนะเออ ไม่รู้จักจำ,chanR baawkL haiF dtohmF naamH thookH chaaoH thamM maiM naH uuhrM maiF ruuH jakL jamM,example sentence,I told you to boil water every morning! Why is it you never remember?!
ฉันเป็นคนใจเย็นและให้อภัยคนได้เสมอ ไม่คิดจองเวรจองกรรมใคร แต่ถ้าจะให้ฉันกลับมาเป็นเหมือนเดิม มันคงเป็นไปไม่ได้,chanR bpenM khohnM jaiM yenM laeH haiF aL phaiM khohnM daiF saL muuhrR maiF khitH jaawngM waehnM jaawngM gamM khraiM dtaaeL thaaF jaL haiF chanR glapL maaM bpenM meuuanR deermM manM khohngM bpenM bpaiM maiF daiF,example sentence,"I am a calm person, who can always forgive others. I don't hold grudges against anyone, but if you want me to go back to being the way I was before, it’s just not going to happen."
ฉันเปลี่ยนใจไม่ไปญี่ปุ่นแล้ว,chanR bpliianL jaiM maiF bpaiM yeeF bpoonL laaeoH,example sentence,"I changed my mind, I didn't go to Japan."
ฉันไปเชียงใหม่มาสองเที่ยวแล้ว ยังเที่ยวไม่ทั่วเลย,chanR bpaiM chiiangM maiL maaM saawngR thiaaoF laaeoH yangM thiaaoF maiF thuaaF leeuyM,example sentence,"I have been on two trips to Chiang Mai already, [but] I haven't explored [that province] thoroughly yet."
ฉันไปเชียงใหม่เมื่อ ๒ ปีที่แล้ว ,chanR bpaiM chiiangM maiL meuuaF saawngR bpeeM theeF laaeoH,example sentence,I went to Chiang Mai two years ago.
ฉันไปดูภาพยนตร์รอบปฐมทัศน์มาเมื่อคืนนี้,chanR bpaiM duuM phaapF phaH yohnM raawpF bpaL thohmR maH thatH maaM meuuaF kheuunM neeH,example sentence,Last night I went to see the premier showing of the movie.
ฉันไปทำงานก่อนนะคะ,chanR bpaiM thamM ngaanM gaawnL naH khaH,example sentence,"I’m going to work, now – OK?"
ฉันไปที่นั่นครั้งเดียวเท่านั้น ,chanR bpaiM theeF nanF khrangH diaaoM thaoF nanH,example sentence,I only went there once.
ฉันผ่านมาแถว ๆนี้ เลยแวะมาเยี่ยมเฉย ๆ ไม่ได้มีธุระปะปังอะไร,chanR phaanL maaM thaaeoR thaaeoR neeH leeuyM waeH maaM yiiamF cheeuyR cheeuyR maiF daiF meeM thooH raH bpaL bpangM aL raiM,example sentence,I was just passing by and I just stopped by to visit. I don't have any business to do.
,,,
ฉันเผ่นได้ ๒-๓ ก้าวก็ล้มกลิ้งลง,chanR phenL daiF saawngR saamR gaaoF gaawF lohmH glingF lohngM,example sentence,I ran forward two or three steps then fell down and rolled over.
ฉันพยายามที่จะโกรธเขา แต่ฉันทำไม่ได้,chanR phaH yaaM yaamM theeF jaL gro:htL khaoR dtaaeL chanR thamM maiF daiF,example sentence,I try to stay angry with him but I can't.
ฉันพร้อมแล้ว ,chanR phraawmH laaeoH,example sentence,I'm ready.
ฉันพูดภาษาอังกฤษไม่ได้,chanR phuutF phaaM saaR angM gritL maiF daiF,example sentence,I cannot speak English.
ฉันเพิ่งได้รับจดหมายจากคุณชิด ,chanR pheerngF daiF rapH johtL maaiR jaakL khoonM chitH,example sentence,I have just received a letter from Nai Chit.
ฉันเพิ่งมาใหม่ที่นี่ ,chanR pheerngF maaM maiL theeF neeF,example sentence,I just arrived here.
ฉันเพิ่งรู้เดี๋ยวนี้เองว่าฉันเข้าใจผิดมาโดยตลอด,chanR pheerngF ruuH diaaoR neeH aehngM waaF chanR khaoF jaiM phitL maaM dooyM dtaL laawtL,example sentence,I just recently learned that I've always misunderstood.
ฉันฟังเขาพูดแล้วจับความได้ว่าเขาไม่พอใจฉัน,chanR fangM khaoR phuutF laaeoH japL khwaamM daiF waaF khaoR maiF phaawM jaiM chanR,example sentence,I listened to him speak and understood that he was not satisfied with me.
ฉันมองดูคุณ เห็นเหงา ๆเป็นอะไรหรือเปล่า,chanR maawngM duuM khoonM henR ngaoR bpenM aL raiM reuuR bplaaoL,example sentence,I look at you [and] you look very lonely. Are you okay?
ฉันมัวแต่ทำงานเพลิน ลืมที่นัดกับเธอไว้เลย ขอโทษนะ,chanR muaaM dtaaeL thamM ngaanM phleernM leuumM theeF natH gapL thuuhrM waiH leeuyM khaawR tho:htF naH,example sentence,I was merrily working along that I lost track of time; I completely forgot about our date; I’m so sorry!
ฉันมาจากสิงคโปร์เมื่อ ๓ วันที่แล้ว ,chanR maaM jaakL singR khaH bpo:hM meuuaF saamR wanM theeF laaeoH,example sentence,I came from Singapore three days ago.
ฉันมาช้า เพราะจำทางไม่ได้ ,chanR maaM chaaH phrawH jamM thaangM maiF daiF,example sentence,I am late because I could not remember the way.
ฉันมาช้า เพราะเพิ่งไปตลาดมา ,chanR maaM chaaH phrawH pheerngF bpaiM dtaL laatL maaM,example sentence,"I am late, because I've just been to the market."
ฉันมาพบคุณไพรัชค่ะ ,chanR maaM phohpH khoonM phaiM ratH khaF,example sentence,"[spoken by female] ""I have come to see Mr. Pairat."
ฉันมีความมุ่งมั่นที่จะเรียนการบริบาลดูแลผู้ป่วยให้ได้เพื่อจะประกอบอาชีพ,chanR meeM khwaamM moongF manF theeF jaL riianM gaanM baawM riH baanM duuM laaeM phuuF bpuayL haiF daiF pheuuaF jaL bpraL gaawpL aaM cheepF,example sentence,I intend to learn care-giving for the sick and to make this my profession.
ฉันมีงานต้องทำ ,chanR meeM ngaanM dtawngF thamM,example sentence,I have some work I must do.
ฉันมีเพื่อน ๆ เป็นคนต่างจังหวัด,chanR meeM pheuuanF pheuuanF bpenM khohnM dtaangL jangM watL,example sentence,I have lots of friends from rural provinces.
ฉันมีลางสังหรณ์ไม่ดีเกี่ยวกับเรื่องนี้,chanR meeM laangM sangR haawnR maiF deeM giaaoL gapL reuuangF neeH,example sentence,I have a bad premonition about this.
ฉันไม่กินเนื้อสัตว์หมูเนื้อไข่ปลาอาหารทะเลนมข้าวถั่วผลไม้เปลือกแข็งค่ะ ,chanR maiF ginM neuuaH satL muuR neuuaH khaiL bplaaM aaM haanR thaH laehM nohmM khaaoF thuaaL phohnR laH maaiH bpleuuakL khaengR khaF,example sentence,I do not eat meat / pork / beef / eggs / fish / seafood / milk / rice / beans / nuts.
ฉันไม่เข้าใจ ,chanR maiF khaoF jaiM,example sentence,I don't understand.
ฉันไม่คบค้ากับคนแหกคอกเช่นนี้,chanR maiF khohpH khaaH gapL khohnM haaekL khaawkF chenF neeH,example sentence,"I will not associate with anyone who is as eccentric as this."" ""I don’t associate with a non-conformists like this."
ฉันไม่เคยพูดว่าฉันจะออกไปเที่ยวกับคุณแล้วอีกอย่างฉันไม่ชอบผู้ชายแบบคุณด้วย,chanR maiF kheeuyM phuutF waaF chanR jaL aawkL bpaiM thiaaoF gapL khoonM laaeoH eekL yaangL chanR maiF chaawpF phuuF chaaiM baaepL khoonM duayF,example sentence,"I never said that I would go out with you; and, one more thing, I don’t like boys like you either."
ฉันไม่เคยเห็นเขาเศร้าสร้อยเช่นนี้มาก่อน,chanR maiF kheeuyM henR khaoR saoF saawyF chenF neeH maaM gaawnL,example sentence,I have never seen him so sad before.
ฉันไม่ใจไม้ไส้ระกำขนาดขับไล่ไสส่งพ่อแม่กลับไปทั้งที่ยังไม่หายป่วย,chanR maiF jaiM maaiH saiF raH gamM khaL naatL khapL laiF saiR sohngL phaawF maaeF glapL bpaiM thangH theeF yangM maiF haaiR bpuayL,example sentence,I am not so hard-hearted that I would get rid of my parents when they still have not recovered from their illness.
ฉันไม่ชอบวิธีการแบบสุกเอาเผากินที่เขาเอามาใช้ในการทำงานเลย,chanR maiF chaawpF wiH theeM gaanM baaepL sookL aoM phaoR ginM theeF khaoR aoM maaM chaiH naiM gaanM thamM ngaanM leeuyM,example sentence,I don’t like his careless practices at work at all.
ฉันไม่ใช่คนใจง่ายอย่างที่เธอเข้าใจ,chanR maiF chaiF khohnM jaiM ngaaiF yaangL theeF thuuhrM khaoF jaiM,example sentence,I am not as easy as you think.
ฉันไม่ใช่ตาสีตาสานะ จะได้ถูกหลอกง่าย ๆ,chanR maiF chaiF dtaaM seeR dtaaM saaR naH jaL daiF thuukL laawkL ngaaiF ngaaiF,example sentence,I’m not some country bumpkin whom you can easily fool.
ฉันไม่ใช่ผู้วิเศษที่จะเสกปราสาทงามให้เธอ,chanR maiF chaiF phuuF wiH saehtL theeF jaL saehkL bpraaM saatL ngaamM haiF thuuhrM,example sentence,I am not a magician who can cast a spell to build a beautiful castle for you.
ฉันไม่ได้แกล้งยิ้มหรอก,chanR maiF daiF glaaengF yimH raawkL,example sentence,I didn’t fake my smile! (Not denying I smiled.).
ฉันไม่ได้โกรธซะหน่อย,chanR maiF daiF gro:htL saH naawyL,example sentence,I am not angry at all.
ฉันไม่ได้เขียนจดหมาย ,chanR maiF daiF khiianR johtL maaiR,example sentence,I did not write the letter.
ฉันไม่ได้พบเขามานานแล้ว ,chanR maiF daiF phohpH khaoR maaM naanM laaeoH,example sentence,I haven’t seen him for a long time.
ฉันไม่ต้องการต่อความยาวสาวความยืดกับคนอย่างเธอ,chanR maiF dtawngF gaanM dtaawL khwaamM yaaoM saaoR khwaamM yeuutF gapL khohnM yaangL thuuhrM,example sentence,I don’t want to bring up yet another issue with someone like you; it can only make our relationship more difficult.
ฉันไม่ต้องการอะไรค่ะ ,chanR maiF dtawngF gaanM aL raiM khaF,example sentence,"[spoken by female] ""I don’t want anything."
ฉันไม่ต้องการอาหารที่เผ็ดคะ ,chanR maiF dtawngF gaanM aaM haanR theeF phetL khaH,example sentence,I do not want spicy food.
ฉันไม่ปฏิพัทธ์เขาถึงอย่างนั้นดอก,chanR maiF bpaL dtiL phatH khaoR theungR yaangL nanH daawkL,example sentence,I am really not that much into him.
ฉันไม่ไปที่นั่น ,chanR maiF bpaiM theeF nanF,example sentence,I don’t go there.
ฉันไม่มีวันที่จะย่างเท้าเข้าที่นั่นอีก,chanR maiF meeM wanM theeF jaL yaangF thaaoH khaoF theeF nanF eekL,example sentence,I will never step foot in there again.
ฉันไม่มีวันลืมเธอ,chanR maiF meeM wanM leuumM thuuhrM,example sentence,I will never forget you.
ฉันไม่มีวันลืมว่าฉันเคยมีชีวิตน่าสมเพชเพียงใด,chanR maiF meeM wanM leuumM waaF chanR kheeuyM meeM cheeM witH naaF sohmR phaehtF phiiangM daiM,example sentence,I never forgot how pitiful my life once was.
ฉันไม่รู้ แต่พวกเขาอยู่ในรัฐยะไข่ของพม่ามานานหลายร้อยปีแล้ว,chanR maiF ruuH dtaaeL phuaakF khaoR yuuL naiM ratH yaH khaiL khaawngR phaH maaF maaM naanM laaiR raawyH bpeeM laaeoH,example sentence,"[This] I do not know, but they have lived in Burma’s Rakhine state for hundreds of years."
ฉันไม่รู้ว่าจะเดินไปข้างหน้าได้อย่างไรทุกข์ระทมขมขื่นหมดกำลังใจ,chanR maiF ruuH waaF jaL deernM bpaiM khaangF naaF daiF yaangL raiM thookH raH thohmM khohmR kheuunL mohtL gamM langM jaiM,example sentence,I don’t know how I will be able to go forward (when) I am suffering from such depression and I lack the will (to live).
ฉันไม่รู้ว่าจะได้กลับหรือเปล่า,chanR maiF ruuH waaF jaL daiF glapL reuuR bplaaoL,example sentence,I don't know whether I will be able to come back or not.
ฉันไม่รู้ว่าจะได้พบคุณอีกเมื่อไหร่,chanR maiF ruuH waaF jaL daiF phohpH khoonM eekL meuuaF raiL,example sentence,I don't know when I will be able to meet you again.
ฉันไม่สามารถไปจากคุณได,chanR maiF saaR maatF bpaiM jaakL khoonM daiM,example sentence,I can't leave you.
ฉันไม่อยากจากคุณไป,chanR maiF yaakL jaakL khoonM bpaiM,example sentence,I don't want to leave you.
ฉันไม่อยากนั่งรถบุโรทั่ง,chanR maiF yaakL nangF rohtH booL ro:hM thangF,example sentence,I don’t want to ride in his old broken-down car.
ฉันไม่อยากให้คุณต้องคอยเป็นห่วงเวลาที่ฉันต้องกลับบ้านดึก ๆ,chanR maiF yaakL haiF khoonM dtawngF khaawyM bpenM huaangL waehM laaM theeF chanR dtawngF glapL baanF deukL,example sentence,I don't want you to wait up worrying when I have to come home late at night.
ฉันไม่อยากให้เธอเสียใจอีก,chanR maiF yaakL haiF thuuhrM siiaR jaiM eekL,example sentence,I don’t want you to feel bad again.
ฉันไม่อยากให้น้องชายมีเรื่องมีราวกับมัน,chanR maiF yaakL haiF naawngH chaaiM meeM reuuangF meeM raaoM gapL manM,example sentence,I don't want my little brother to be at odds with him.
,,,
ฉันยอมตายและจะตายอย่างยินดีเพื่อไถ่บาป,chanR yaawmM dtaaiM laeH jaL dtaaiM yaangL yinM deeM pheuuaF thaiL baapL,example sentence,I am willing to die and I will be happy to die to expiate myself from my sins.
ฉันยังไม่เคยไปเชียงใหม่เลยค่ะ ,chanR yangM maiF kheeuyM bpaiM chiiangM maiL leeuyM khaF,example sentence,"[spoken by female] ""I haven’t been to Chiang Mai yet."
ฉันยังหนุ่ม ระห่ำและไม่รู้คิด แต่ยังไงฉันไม่ใช่คนใจเหี้ยมนะ แล้วฉันก็ไม่ได้ลงมือทำคนเดียวเสียหน่อย,chanR yangM noomL raH hamL laeH maiF ruuH khitH dtaaeL yangM ngaiM chanR maiF chaiF khohnM jaiM hiiamF naH laaeoH chanR gaawF maiF daiF lohngM meuuM thamM khohnM diaaoM siiaR naawyL,example sentence,I was a kid and wild and foolish — but I wasn't mean — and I got in with a bunch.
ฉันยังเหมือนเดิมทุกวันนั่งมองที่ท้องฟ้า,chanR yangM meuuanR deermM thookH wanM nangF maawngM theeF thaawngH faaH,example sentence,[And] every day I just sit watching the sky.
ฉันแย่ ,chanR yaaeF,example sentence,I'm in trouble.
ฉันระลึกความทรงจำอีกครั้ง ก็เห็นทะเบียนรถแท็กซี่ส่วนบุคคลขึ้นมาสี่ตัวท้าย,chanR raH leukH khwaamM sohngM jamM eekL khrangH gaawF henR thaH biianM rohtH thaekH seeF suaanL bookL khohnM kheunF maaM seeL dtuaaM thaaiH,example sentence,I recalled something from memory; I saw the last four digits of the taxi driver’s personal license number.
ฉันรักคุณ ,chanR rakH khoonM,example sentence,I love you.
ฉันรักคุณ แต่คุณดันไม่รักฉัน,chanR rakH khoonM dtaaeL khoonM danM maiF rakH chanR,example sentence,I love you but you don't love me.
ฉันรักคุณมากนักไม่มีคำว่าสามารถอธิบายว่าฉันรักคุณแค่ไหน,chanR rakH khoonM maakF nakH maiF meeM khamM waaF saaR maatF aL thiH baaiM waaF chanR rakH khoonM khaaeF naiR,example sentence,I love you so much. There are no words to express how much I love you.
ฉันรักคุณมากเลย ,chanR rakH khoonM maakF leeuyM,example sentence,I love you so much!
ฉันรักคุณเหมือนเดิม,chanR rakH khoonM meuuanR deermM,example sentence,I love you the same as always.
ฉันรักเธอ ,chanR rakH thuuhrM,example sentence,I love you.
ฉันรักเธอที่สุดเลย,chanR rakH thuuhrM theeF sootL leeuyM,phrase,I love you the most!
ฉันรักษาคำพูดเสมอ,chanR rakH saaR khamM phuutF saL muuhrR,example sentence,"[spoken by a female] ""I always keep my word."
ฉันรู้ดีว่าการระบุตัวจากสายตานั้นอาจเชื่อถือไม่ได้มากขนาดไหน,chanR ruuH deeM waaF gaanM raH booL dtuaaM jaakL saaiR dtaaM nanH aatL cheuuaF theuuR maiF daiF maakF khaL naatL naiR,example sentence,I knew all too well how unreliable visual identifications can be.
ฉันรู้ดีว่าแม่ขมขื่นเพียงไรกับการพูดจากระทบกระเทียบเสียดสีของพ่อ,chanR ruuH deeM waaF maaeF khohmR kheuunL phiiangM raiM gapL gaanM phuutF jaaM graL thohpH graL thiiapF siiatL seeR khaawngR phaawF,example sentence,I know full well how embitter mother is from father’s sarcastic and biting words.
ฉันรู้ว่าเราอยู่ไกลกันมากเหลือเกิน,chanR ruuH waaF raoM yuuL glaiM ganM maakF leuuaR geernM,example sentence,I do know that we live very far from each other.
ฉันรู้สึกคลายใจ สบายใจ เมื่อฉันอยู่ใกล้แม่ของฉัน,chanR ruuH seukL khlaaiM jaiM saL baaiM jaiM meuuaF chanR yuuL glaiF maaeF khaawngR chanR,example sentence,I feel relieved and comfortable when I am close to my mother.
ฉันรู้สึกว้าเหว่ชอบกล,chanR ruuH seukL waaH waehL chaawpF gohnM,example sentence,Somehow I feel lonely.
ฉันล้อเล่นหรอก อย่าโกรธเลย,chanR laawH lenF raawkL yaaL gro:htL leeuyM,example sentence,I was only kidding. Don’t be angry.
ฉันลืมตาขึ้นและมองเพดานสีขาว,chanR leuumM dtaaM kheunF laeH maawngM phaehM daanM seeR khaaoR,example sentence,I opened my eyes and saw the white ceiling.
ฉันโล่งอก ถามแม่ว่า จริงนะ,chanR lo:hngF ohkL thaamR maaeF waaF jingM naH,example sentence,"I was relieved. I ask my mother, “Is this true?” "
ฉันไล่เธอ,chanR laiF thuuhrM,example sentence,I chase you.
ฉันว่าเขาต้องหวังประโยชน์อะไรจากเธอ ไม่อย่างนั้นเขาจะทุ่มทุนอย่างนี้ทำไม,chanR waaF khaoR dtawngF wangR bpraL yo:htL aL raiM jaakL thuuhrM maiF yaangL nanH khaoR jaL thoomF thoonM yaangL neeH thamM maiM,example sentence,I think that he really expects something [more] from you; why else would he be spending so much money [on you]?
ฉันว่าแฟนฉันหล่อที่สุดในโลก,chanR waaF faaenM chanR laawL theeF sootL naiM lo:hkF,example sentence,I think my boyfriend is the hottest guy on earth.
ฉันวางแผนว่าจะย้ายไปตั้งรกรากที่เมืองไทยหลังเกษียณแล้ว,chanR waangM phaaenR waaF jaL yaaiH bpaiM dtangF rohkH raakF theeF meuuangM thaiM langR gaL siianR laaeoH,example sentence,I plan to move to and settle down in Thailand after retirement.
ฉันสัญญาว่าฉันจะไม่โกรธอีกแล้ว,chanR sanR yaaM waaF chanR jaL maiF gro:htL eekL laaeoH,example sentence,"[spoken by a female] ""I promise! I’ll never lose my temper again!"
ฉันสัญญาว่าฉันจะไม่โกหกคุณอีก,chanR sanR yaaM waaF chanR jaL maiF go:hM hohkL khoonM eekL,example sentence,"[spoken by a female] ""I promise that I won't lie to you again."
ฉันสามารถชาร์จคอมพิวเตอร์ได้ไหมคะ ,chanR saaR maatF chaageF khaawmM phiuM dtuuhrM daiF maiR khaH,example sentence,Where can I recharge my computer?
ฉันสามารถชาร์จโทรศัพท์มือถือได้ไหมคะ ,chanR saaR maatF chaageF tho:hM raH sapL meuuM theuuR daiF maiR khaH,example sentence,May I recharge my cell phone?
ฉันสามารถใช้อินเทอร์เน็ตที่นี่ได้ไหม ,chanR saaR maatF chaiH inM thuuhrM netH theeF neeF daiF maiH,example sentence,Can I get Internet access here?
ฉันสามารถวางกระเป๋าที่กระโปรงหลังรถได้ไหมคะ ,chanR saaR maatF waangM graL bpaoR theeF graL bpro:hngM langR rohtH daiF maiH khaH,example sentence,May I put this bag in the trunk?
ฉันหวังว่าเธอจะเข้าใจ,chanR wangR waaF thuuhrM jaL khaoF jaiM,example sentence,I hope that you will understand.
ฉันเห็นเขาตามเธอแจไปทุกทีเป็นเงาตามตัวตลอดเลย,chanR henR khaoR dtaamM thuuhrM jaaeM bpaiM thookH theeM bpenM ngaoM dtaamM dtuaaM dtaL laawtL leeuyM,example sentence,I always see him following you closely like a shadow
ฉันเห็นคุณพ่อออกจากบ้านไปแล้ว,chanR henR khoonM phaawF aawkL jaakL baanF bpaiM laaeoH,example sentence,I saw Father leaving the house already.
ฉันเห็นนกอะไรตัวหนึ่งโฉบคาบผีเสื้อสีสวย หายหลบขึ้นไปบนต้นไม้สูง,chanR henR nohkH aL raiM dtuaaM neungL cho:hpL khaapF pheeR seuuaF seeR suayR haaiR lohpL kheunF bpaiM bohnM dtohnF maaiH suungR,example sentence,"I saw a bird swoop down and snatch in its beak a beautiful butterfly out of the air, then [fly up and] disappear into a tall tree."
ฉันเห็นล้อที่บิดเบี้ยวขนาดนั้นแล้วคิดว่าคนขับคงไม่รอดแน่,chanR henR laawH theeF bitL biaaoF khaL naatL nanH laaeoH khitH waaF khohnM khapL khohngM maiF raawtF naaeF,example sentence,"When I saw the wheel was so crooked, I thought to myself that the driver would not last very long."
ฉันให้หนังสือเขา,chanR haiF nangR seuuR khaoR,example sentence,I gave him the book.
ฉันอยากจะซื้อชุดว่ายน้ำ ,chanR yaakL jaL seuuH chootH waaiF naamH,example sentence,I want to buy a swimsuit.
ฉันอยากจะแนะนำคุณกับนายสนิท ,chanR yaakL jaL naeH namM khoonM gapL naaiM saL nitL,example sentence,I'd like to introduce you to Mr. Sanit.
ฉันอยากจะไปฮาวายมั่งซิ,chanR yaakL jaL bpaiM haaM waaiM mangF siH,example sentence,I would like to go to Hawaii sometime.
ฉันอยากได้อันที่ดีที่สุด ,chanR yaakL daiF anM theeF deeM theeF sootL,example sentence,I want the best one.
ฉันอยากได้อาหารแบบนั้นค่ะ ,chanR yaakL daiF aaM haanR baaepL nanH khaF,example sentence,I would like the same dish.
ฉันอยากแต่งงานกับคุณ,chanR yaakL dtaengL ngaanM gapL khoonM,example sentence,I would like to marry you.
ฉันอยากรู้ว่า จะเลิกนิสัยเป็นคนคิดเล็กคิดน้อยได้อย่างไร ,chanR yaakL ruuH waaF jaL leerkF niH saiR bpenM khohnM khitH lekH khitH naawyH daiF yaangL raiM,example sentence,I would like to know how I can stop being a person who habitually sweats the small stuff.
ฉันอยากให้เขารู้สึกกันเองกับพวกเรา,chanR yaakL haiF khaoR ruuH seukL ganM aehngM gapL phuaakF raoM,example sentence,I wish that he would feel more comfortable with us.
ฉันอยากให้คุณพบนางเดือนเพ็ญ ,chanR yaakL haiF khoonM phohpH naangM deuuanM phenM,example sentence,I'd like you to meet Mrs. Duanphen.
ฉันอยากให้คุณมาหาเร็ว ๆ จังเลย ,chanR yaakL haiF khoonM maaM haaR reoM reoM jangM leeuyM,example sentence,I want you to come meet me as quickly as possible.
ฉันอยากให้คุณสัญญากับฉันข้อหนึ่ง,chanR yaakL haiF khoonM sanR yaaM gapL chanR khaawF neungL,example sentence,[spoken by a female] I want you to make me a promise.
ฉันอยากให้เธอลองคิดดู,chanR yaakL haiF thuuhrM laawngM khitH duuM,example sentence,I would like you to think about [something].
,,,
ฉันอยู่ที่นี่ ,chanR yuuL theeF neeF,example sentence,"I live here."" — ""I am here."
ฉันอยู่โยงเฝ้าบ้านอีกตามเคย,chanR yuuL yo:hngM faoF baanF eekL dtaamM kheeuyM,example sentence,"I have to stay home to take care of the house again, like I usually do."
ฉันอ่านหนังสือเกี่ยวกับตัวบุ้ง,chanR aanL nangR seuuR giaaoL gapL dtuaaM boongF,example sentence,I read a book about caterpillars.
ฉันอ่านหนังสือเล่มนี้ไปสองรอบแล้ว ยังไม่เข้าใจเลยว่ามันจะสื่อถึงอะไร,chanR aanL nangR seuuR lemF neeH bpaiM saawngR raawpF laaeoH yangM maiF khaoF jaiM leeuyM waaF manM jaL seuuL theungR aL raiM,example sentence,I read this book twice already but I still don’t understand what [the book] is trying to communicate.
ฉันอ่านหนังสือเล่มนี้แล้วค่ะ ,chanR aanL nangR seuuR lemF neeH laaeoH khaF,example sentence,"[spoken by female] ""I have read this book already."
ฉันอายุก็มากแล้ว อยากจะปลีกตัวออกจากเพื่อนฝูงมาอยู่โดดเดี่ยว,chanR aaM yooH gaawF maakF laaeoH yaakL jaL bpleekL dtuaaM aawkL jaakL pheuuanF fuungR maaM yuuL do:htL diaaoL,example sentence,I have become very old and I want to distance my self from my friends and be alone.
ฉันเอง ,chanR aehngM,pronoun,myself
ฉันท์ ,chanR,noun,[a type of Thai versification with metrical composition derived from India]
"adjective, loanword, Pali",pleasurable; beloved; preferable,,
noun,consent; approval,,
ฉันทลักษณ์,chanR thaH lakH,noun,[alternative spellng of ฉันทะลักษณ์]
ฉันทะ,chanR thaH,,[alternate spelling of ฉันท์ ]
ฉันทะลักษณ์,chanR thaH lakH,"noun, loanword, Pali",a rhyme scheme; prosody; poetics; [name of a book on versification]
ฉันทาคติ,chanR thaaM khaH dtiL,"noun, Sanskrit",bias arising from love
ฉันทานุมัติ,chanR thaaM nooH matH,noun,mandate
ฉันทามติ,chanR thaaM maH dtiL,noun,a consensus; an agreement
ฉับ ,chapL,adverb,immediately; promptly; speedily; rapidly
noun,[onomatopoeia] sound of cutting something (e.g. a tree branch),,
noun,[onomatopoeia] sound of striking cymbals,,
ฉับพลัน ,chapL phlanM,"adjective, adverb",immediate; spontaneous; unexpected; sudden; immediately; suddenly
ฉับไว ,chapL waiM,adverb,expeditiously; quickly; immediately
ฉ่า,chaaL,adjective,[is] boisterious; tumultuous
onomatopoeia,"[sound of sizzling, frying, or water falling]",,
ฉ่าฉาว ,chaaL chaaoR,adverb,boisterously; tumultuously; with an uproar
ฉาก ,chaakL,adjective,[pertaining to] perfectly square; 90 degrees
noun,T-square or carpenters square,,
noun,curtain; partition; movable screen; backdrop,,
noun,"[drama, show, film, book] episode; scene",,
ฉากสุดท้าย ,chaakL sootL thaaiH,noun,end-point; result; out come; upshot
ฉาง ,chaangR,noun,"a silo, a grain bin"
ฉาดฉาน,chaatL chaanR,adverb,clearly; distinctly
ฉาตกภัย,chaaR dtaL gaL phaiM,noun,famine; starvation
ฉาน ,chaanR,proper noun,the Shan ethnic minority people
adjective,[is] bright; brilliant,,
adjective,[is] widespread; scattered; diffused; spread out,,
ฉาบ ,chaapL,verb,"to gloss over or paint with, to glaze or varnish, to lightly cover, touch, or graze."
noun,a cymbal,,
ฉาบปูน,chaapL bpuunM,"verb, phrase",to apply stucco; apply plaster
ฉาบฉวย,chaapL chuayR,adverb,roughly; sloppily; perfunctorily; carelessly; in a solvenly way
adverb,transitorily; impermanently; temporarily,,
ฉาย ,chaaiR,verb,to show (a film); to project; to emit light; to radiate; to shine
noun,shade; shadow; shelter,,
ฉายไฟ,chaaiR faiM,verb,shine a light
ฉายภาพ,chaaiR phaapF,"verb, archaic",to take a picture; photograph
ฉายรังสี,chaaiR rangM seeR,noun,radiation treatment
ฉายรูป,chaaiR ruupF,"verb, archaic",to take a photograph
ฉายแวว,chaaiR waaeoM,verb,to shine; glitter
ฉายแสง,chaaiR saaengR,verb,[ฉายรังสี]
ฉายหนัง,chaaiR nangR,verb,show a movie
ฉายา,chaaR yaaM,"noun, poetic",shadow; image; alias; designation; pseudonym; assumed name
ฉายาลักษณ์,chaaR yaaM lakH,noun,royal photograph
ฉาว ,chaaoR,adjective,[of information] widely-known; [of scandal] widespread; rumoured; notorious
verb,to disseminate information widely,,
ฉาวโฉ่,chaaoR cho:hL,adjective,[is] scandalous
ฉาวโฉ่,chaaoR cho:hL,adjective,[is] notorious; rumored; widespread
ฉ่ำ ,chamL,adjective,soggy; damp; moist; luscious; juicy; humid
ฉิ่ง ,chingL,noun,[a type of] small cymbal used in East and Southeast Asian music
ฉิ้งฉ่อง,chingF chaawngL,,[alternate spelling of ชิ้งฉ่อง]
ฉิบหาย,chipL haaiR,"interjection, colloquial, vulgar",damn; drat
noun,[ความฉิบหาย] destruction and ruin,,
adjective,[is] ruined; destroyed; damaged; to go to the dogs,,
ฉิบหายล่ะ! ,chipL haaiR laF,"interjection, phrase, colloquial, vulgar","Shit!""; ""Holy shit!"
ฉิบหายวายวอด,chipL haaiR waaiM waawtF,adjective,[is] ruined; bankrupt
ฉิว,chiuR,adverb,swiftly; like the wind
adjective,[is] moving quickly without stopping,,
ฉิวเฉียด,chiuR chiiatL,adverb,narrowly; just barely; by a whisker
ฉี่ ,cheeL,"verb, vulgar",to pee; urinate
noun,a sizzling or hissing sound,,
,,,
ฉี่ของมันคือสัญลักษณ์แสดงอาณาเขต เพื่อป้องกันไม่ให้แมวตัวอื่นเข้ามารุกล้ำในบริเวณนี้,cheeL khaawngR manM kheuuM sanR yaH lakH saL daaengM aaM naaM khaehtL pheuuaF bpaawngF ganM maiF haiF maaeoM dtuaaM euunL khaoF maaM rookH lamH naiM baawM riH waehnM neeH,example sentence,Its urine is a marker indicating its territory in order to warn other cats from invading its area.
ฉี่รด,cheeL rohtH,"noun, colloquial",[informal] to urinate
ฉี่รดกัน,cheeL rohtH ganM,verb,golden showers; watersports
ฉี่รดที่นอน,cheeL rohtH theeF naawnM,"verb, colloquial",[informal] to wet the bed
ฉี่รดในกางเกง,cheeL rohtH naiM gaangM gaehngM,"verb, colloquial",to wet (one's) pants
ฉีก ,cheekL,verb,to rip or tear up
ฉีกขาด,cheekL khaatL,adjective,[is] torn
ฉีกแนว,cheekL naaeoM,adjective,[is] unique; uncommon; unusual; odd
ฉีกแบ่ง ,cheekL baengL,verb,to tear in half
ฉีกหน้า,cheekL naaF,verb,to humiliate; shame; disgrace; turn against; mortify; insult
ฉีด ,cheetL,verb,to inject; inoculate with a needle; to spray; to squirt in
ฉีดยา ,cheetL yaaM,verb,to give an injection; to inject medicine
ฉีดยาป้องกัน ,cheetL yaaM bpaawngF ganM,verb,to inoculate
ฉีดยาป้องกันโรคบาดทะยัก,cheetL yaaM bpaawngF ganM ro:hkF baatL thaH yakH,noun,tetanus shot
ฉีดวัคซีน ,cheetL wakH seenM,noun,vaccination
ฉึ่ง,cheungL,adjective,[is] rotting; stinking
ฉุ ,chooL,adjective,[of a person's body] flabby; bloated
ฉุกคิด,chookL khitH,verb,to realize suddenly; dawn upon
ฉุกใจ,chookL jaiM,verb,to realize suddenly
ฉุกเฉิน ,chookL cheernR,adjective,[is] urgent; an emergency
ฉุกละหุก,chookL laH hookL,adjective,[is] confused; in a hurry
ฉุด,chootL,verb,to abduct
verb,to haul or drag; to draw or pull upon,,
ฉุดกระชาก,chootL graL chaakF,verb,to drag; pull; draw; seize by force
ฉุดรั้ง,chootL rangH,verb,to hold back (by physical force)
ฉุดลาก,chootL laakF,verb,to pull; drag; haul; tug
ฉุน,choonR,adjective,[of aroma] [is] pungent; acrid; strong-smelling
adjective,[of taste] [is] piquant; [i.e. of cheese] sharp; strong-tasting,,
verb,[is] angry (with),,
ฉุนกึก,choonR geukL,adjective,[is] very pungent; strong; sharp; piquant
ฉุนกึก,choonR geukL,adjective,[is] suddenly angry
ฉุนขึ้นจมูก,choonR kheunF jaL muukL,"adjective, phrase",[is] highly pungent
ฉุนไปด้วยเครื่องเทศ,choonR bpaiM duayF khreuuangF thaehtF,adjective,(of flavor and fragrance) strongly or richly spicy
ฉุนเฉียว,choonR chiaaoR,verb,to fly into a rage
adjective,[is] bristly; irascible; irritable; quick-tempered; furious,,
ฉุบ,choopL,onomatopoeia,"[onomatopoeia] sound of dull stabbing, as a knife into wood"
ฉู่ฉี่,chuuL cheeL,noun,[a type of] fish or pork curry
ฉูด ,chuutL,"adjective, adverb",speeding by; rushing; flying; running very fast
ฉูดฉาด ,chuutL chaatL,adjective,flashy; showy; gaudy
เฉ,chaehR,verb,to deviate; to slant; to distort
adjective,[is] distorted; slanted; deviant,,
adverb,indirectly; slantingly,,
เฉก,chaehkL,"conjunction, formal, poetic",[formal conjunction used in written Thai or poetry only] as; like
conjunction,[เฉกเช่น] as if,,
เฉกเช่น,chaehkL chenF,conjunction,[เฉกเช่น] as if
เฉโก,chaehR go:hM,adjective,[is] tricky
เฉ่ง,chengL,"verb, transitive, intransitive, colloquial, loanword, Chinese",to pay off; to settle; to settle debts; to pay the money due; to meet liabilities
เฉไฉ,chaehR chaiR,verb,to take one’s time; proceed slowly; dawdle
adjective,[is] oblique; indirect,,
adverb,indirectly,,
เฉด,chaehtL,noun,[Thai transcription of foreign loanword] shade (of color)
เฉพาะ ,chaL phawH,adjective,[is] specific; particular; limited; provisional
adverb,[โดยเฉพาะ] especially; specifically; in particular; particularly,,
adverb,only; specifically,,
เฉพาะกิจ,chaL phawH gitL,adjective,[is] special; special purpose
เฉพาะตัว,chaL phawH dtuaaM,adjective,[is] personal; private
เฉพาะทาง,chaL phawH thaangM,adjective,[is] specialized; for a particular purpose
เฉพาะที่,chaL phawH theeF,"adjective, phrase",[is] localized; targeted
เฉพาะผู้เดียว,chaL phawH phuuF diaaoM,,individual; personal
เฉพาะราย,chaL phawH raaiM,adverb,in particular; specifically; to wit
เฉพาะหน้า,chaL phawH naaF,adjective,putative; possible in the future; potentially forthcoming
,,,
เฉพาะหน้า,chaL phawH naaF,adjective,urgent; short-term; immediate
เฉพาะอย่างยิ่ง,chaL phawH yaangL yingF,adjective,very specific or special
เฉพาะตน,chaL phawL dtohnM,adjective,individual; personal
เฉย,cheeuyR,"verb, transitive",to ignore; to pay no attention to; to disregard
adjective,[is] silent; still; unmoved; calm; collected; indifferent; cold,,
adjective,[เฉย ๆ] [is] calm; impassive; indifferent (feeling or being so); peaceful; relaxed; feeling so-so,,
adverb,without authorization; presumptuously; without authority,,
adjective,vacant; not in use; unoccupied,,
adverb,[เฉย ๆ] simply; just; only,,
เฉยชา,cheeuyR chaaM,adjective,[is] indifferent; cold; still; ignorant; unconcerned; detached
เฉยชา,cheeuyR chaaM,adjective,detached; diffident; disengaged (emotionally); cold
เฉยเมย,cheeuyR meeuyM,adjective,[is] indifferent; unconcerned; passive; negligent
เฉย ๆ ,cheeuyR cheeuyR,adjective,[เฉย ๆ] [is] calm; impassive; indifferent (feeling or being so); peaceful; relaxed; feeling so-so
เฉย ๆ,cheeuyR cheeuyR,adverb,[เฉย ๆ] simply; just; only
เฉลย ,chaL leeuyR,verb,to respond; disclose; answer; reveal
เฉลยปัญหา,chaL leeuyR bpanM haaR,verb,to answer the problem; solve the problem
เฉลิม ,chaL leermR,verb,"to celebrate, to enhance or aggrandize"
"proper noun, person","Chalerm [a Thai given name] (celebration, supreme, prestigious)",,
เฉลิมกรุง,chaL leermR groongM,proper noun,Chalermkrung
เฉลิมฉลอง,chaL leermR chaL laawngR,verb,to celebrate
เฉลิมพระชนมพรรษา,chaL leermR phraH chohnM maH phanM saaR,verb,to celebrate the king's or queen's birthday anniversary
เฉลี่ย ,chaL liiaL,adjective,[is] average
adverb,[โดยเฉลี่ย] on the average,,
เฉลี่ยกันหารสอง,chaL liiaL ganM haanR saawngR,"verb, phrase",to split the difference; to compromise in the middle of the range
เฉลียง ,chaL liiangR,noun,hall; corridor
เฉลียงหน้าต่าง,chaL liiangR naaF dtaangL,noun,balcony
เฉลียว,chaL liaaoR,verb,to have a sudden realization
adjective,[เฉลียวใจ] [is] suspicious; [has] an inkling; to suspect; realize; understand,,
เฉลียวใจ,chaL liaaoR jaiM,adjective,[เฉลียวใจ] [is] suspicious; [has] an inkling; to suspect; realize; understand
เฉลียวฉลาด,chaL liaaoR chaL laatL,"adjective, phrase, formal",intelligent
เฉวียง ,chaL wiiangR,adjective,oblique; diagonal; slanting
เฉวียน ,chaL wiianR,verb,to fly around in circles; to swoop about
เฉวียบ ,chaL wiiapL,noun,"[ปลาเฉวียบ] a sea fish, Scomberoides lysan (Carangidae)"
เฉอะแฉะ,chuhL chaeL,adjective,[is] wet; muddy; slushy; slimy; moist; damp
เฉา,chaoR,verb,to wilt; wither; shrivel; droop; flag; decline; fade
เฉาก๊วย,chaoR guayH,"noun, loanword, Chinese",[general] jelly grass
"noun, loanword, Chinese",[หญ้าเฉาก๊วย] [the type of] grass used for making jelly grass,,
เฉาะ,chawL,verb,to lop the top off; chop
เฉิดฉาย,cheertL chaaiR,adverb,brightly shining
เฉิบ,cheerpL,adverb,slowly; rhthmically
เฉิ่ม,cheermL,"adjective, colloquial","[is] uncool; dumb; clueless; embarrassingly unfashionable and unsophisticated (mainly of dress
and manner)"
เฉียง ,chiiangR,adjective,[is] slanting; diagonally; askew
เฉียงใต้ ,chiiangR dtaiF,"adjective, preposition",[is] southerly; southward
เฉียงไปเฉียงมา,chiiangR bpaiM chiiangR maaM,verb,to scribble; scrawl; write in a zigzag manner
เฉียงเหนือ ,chiiangR neuuaR,"adverb, preposition",northerly; northward
เฉียด,chiiatL,verb,to approach
verb,to pass closely; just graze; just miss; scrape,,
เฉียดฉิว,chiiatL chiuR,adjective,[is] near; very close
เฉียดกราย,chiiatL graaiM,verb,to pass; go by; move past
เฉียบ,chiiapL,adverb,very; extremely
adjective,[is] excellent; brilliant; superb; outstanding,,
เฉียบขาด,chiiapL khaatL,adjective,[is] resolute; determined; absolute; decisive
เฉียบคม,chiiapL khohmM,adjective,[is] razor-sharp
เฉียบพลัน ,chiiapL phlanM,"adverb, phrase, formal","very forceful, severe and sudden"
เฉียบแหลม,chiiapL laaemR,adjective,[is] bright; thoughtful; smart; sharp
เฉี่ยว ,chiaaoL,verb,to scrape; to scratch; to rub
verb,to seize; pinch; carry away,,
เฉือน,cheuuanR,verb,to slice; carve; cut
verb,to win; to triumph; to overcome,,
เฉื่อย ,cheuuayL,adjective,slow; sluggish; mild; gentle
adjective,[chemistry] inert,,
เฉื่อยแฉะ,cheuuayL chaeL,adjective,[is] slow; relaxed; sluggish; slow moving
เฉื่อยช้า ,cheuuayL chaaH,adjective,[is] lazy
เฉื่อยชา,cheuuayL chaaM,adjective,[is] inactive; slow; inert; sluggish
,,,
แฉ,chaaeR,verb,to reveal; disclose; show
แฉกันจนพรุน,chaaeR ganM johnM phroonM,verb,[to] make a complete revelation or disclosure
แฉโพย,chaaeR phooyM,"verb, phrase",to reveal a secret; uncover an account
แฉก,chaaekL,adjective,[is] forked; notched; serrated; jagged; indented; bifurcated
noun,serration; notch; prong; tine,,
noun,[certain type of] oval fan conferred upon a high-ranking Buddhist priest,,
แฉ่ง ,chaengL,adverb,with cheer; grinningly; with a smile
แฉลบ ,chaL laaepL,verb,to ricochet; to swerve; to skid; to glance off of
แฉล้ม ,chaL laaemF,"adjective, formal, poetic",[usually of female beauty] healthy; happy; glowing; beautiful
แฉะ,chaeL,adjective,[is] wet; muddy
แฉะแบะ,chaeL baeL,adverb,slowly; sluggishly
โฉ,cho:hR,,[alternate spelling of โฉ่]
โฉ่,cho:hL,"verb, intransitive, colloquial",to spread; to permeate
adverb,pervasively; extensively,,
โฉเก,cho:hR gaehM,adjective,[is] tricky
โฉ่งฉ่าง,cho:hngL chaangL,adjective,[is] blunt; churlish; rude; unmannerly
adjective,[is] clangorous; boisterous,,
โฉงเฉง,cho:hngR chaehngR,"adjective, adverb",[is] noisy; with a lot of sound and fury
โฉดเฉา,cho:htL chaoR,adjective,[is] dull; stupid
โฉนด ,chaL no:htL,noun,a real estate title deed
โฉนดที่ดิน,chaL no:htL theeF dinM,noun,land title deed
โฉบ ,cho:hpL,verb,to pounce; swoop down; lunge
,to pass; go by; past; move,,
โฉม ,cho:hmR,noun,profile; outline; figure; appearance
โฉมงาม,cho:hmR ngaamM,noun,beautiful girl
โฉมงาม,cho:hmR ngaamM,adjective,[is] dainty
โฉมฉาย,cho:hmR chaaiR,noun,beautiful woman; fair maiden
โฉมหน้า,cho:hmR naaF,noun,countenance; visage; face
โฉลก ,chaL lo:hkL,noun,chance; fortune; luck; fate; opportunity
ไฉน,chaL naiR,"adverb, particle, formal",why; wherefore
noun,[a type of] oboe [or] flute,,
ไฉนจึงเป็นเช่นนั้น,chaL naiR jeungM bpenM chenF nanH,phrase,How so?
ไฉไล,chaiR laiM,adjective,[is] pretty; glossy; shiny; gleaming
