﻿word,spell,type,meaning
ซ.,saehnM siiatF,"noun, abbreviation",[abbreviation for เซลเซียส ] Celsius; degrees C; °C
ซ.,saehnM siiatF,abbreviation,[abbreviation for ซอย ] Soi
ซ.,saawyM,,[alternate pronunciation of ซ.]
ซ.ก.,,,[alternate spelling of ซก.]
ซ.ต.พ. ,saawM dtaawM phaawM,abbreviation,[abbreviation of ซึ่งต้องพิสูจน์] Q.E.D.
ซ.ม.,,,[alternate spelling of ซม.]
ซ.ล.,,,[alternate spelling of ซล.]
ซก.,senM dtiL gramM,"noun, abbreviation",[abbreviation for เซ็นติกรัม] centigram
ซกมก ,sohkH mohkH,"adjective, colloquial",[colloquial slang] slovenly dirty or mucky
ซครู,saH khruuM,"noun, loanword, English",[Thai transcription of the foreign loanword] screw
ซครูหัวจม,saH khruuM huaaR johmM,noun,sunken head screw
ซครูหางแบน,saH khruuM haangR baaenM,noun,thumb bolt
ซครูหางปลา,saH khruuM haangR bplaaM,noun,wing bolt
ซ้ง,sohngH,proper noun,[a common male name]
ซงอู ,sohngM uuM,noun,"[ต้นซงอู] the pomelo tree, Citrus maxima"
ซด ,sohtH,"verb, transitive",to sip a drink; to suck in
ซดยา,sohtH yaaM,verb,to take medication [in liquid form]
ซดยาพิษ,sohtH yaaM phitH,"verb, phrase",to take poison [through a drink]
ซทรอนเชียม,sohtH raawnM chiiamM,noun,"[chemistry] Strontium, Sr, atomic number 38"
ซน ,sohnM,adjective,[is] mischievous; naughty; bad
verb,to poke at a fire,,
ซนเหมือนลิง,sohnM meuuanR lingM,adjective,[is] mischievous as a monkey
ซ้น,sohnH,adjective,(of a joint) [is] dislocated; sprained
ซบ,sohpH,"verb, transitive","to nestle or bury one’s head on (a pillow, shoulder), to rest (one's face on something), to hang the head, to bend down"
ซบ,sohpH,adjective,(of the stock market) sluggish; dull; slow; slack
ซบเซา,sohpH saoM,"adjective, phrase",[economically] depressed; dispirited (as a metaphor); suffering [financial] losses
ซม,sohmM,adverb,lethargically; as in a stupor
ซมซาน,sohmM saanM,adjective,[is] pathetic; desperate
ซม.,senM dtiL maehtF,"noun, abbreviation",[abbreviation for เซ็นติเมตร ] centimeter
ซล.,senM dtiL litH,"noun, abbreviation",[abbreviation for เซ็นติลิตร] centiliter
ซวดเซ,suaatF saehM,adjective,[is] staggering; unstable; tottering
ซวดเซ,suaatF saehM,adjective,[is] unsteady; [is] unstable
ซวดเซ,suaatF saehM,verb,to stagger; muddle; walk unsteadily
ซวน,suaanM,verb,stagger; reel
ซวนเซ,suaanM saehM,verb,to stagger; reel
ซวย ,suayM,"noun, colloquial, loanword, Chinese",[แต้จิ๋ว  dialect] bad luck
ซวย ,suayM,"adjective, colloquial, loanword, Chinese",jinxed; luckless; unlucky; cursed; hapless; having bad luck
ซวาซิแลนด์ ,saH waaM siH laaenM,"proper noun, geographical","[ประเทศซวาซิแลนด์] Swaziland, a country in Africa"
ซเว่นธ์,saH wenF,"adjective, loanword, English",[Thai transcription of the foreign loanword] seventh
ซเว่นธ์เดย์แอ๊ดเวนตีส,saH wenF daehM aaetH waehnM dteetL,noun,Seventh Day Adventist
ซอ ,saawM,,[pronunciation of the 11th letter of the Thai alphabet]
ซอ ,saawM,noun,a stringed musical instrument played with a bow
ซอ ,saawM,verb,to sing
ซอ ,saawM,noun,[ซออู้] a two-stringed bass fiddle; low-pitched violin; a Thai fiddle with a sound in the alto range
ซอด้วง,saawM duaangF,noun,[ซอด้วง] Thai-style bamboo fiddle (violin)
ซอไวโอลิน,saawM waiM o:hM linM,noun,[ซอไวโอลิน] violin
ซออู้,saawM uuF,noun,[ซออู้] a two-stringed bass fiddle; low-pitched violin; a Thai fiddle with a sound in the alto range
ซอก ,saawkF,noun,lane; alley; nook; enclave; corner; niche; recess
ซอก ,saawkF,verb,to hide in a nook
ซอกซอย,saawkF saawyM,noun,lanes; alleys; footways
ซอกแซก,saawkF saaekF,verb,to take an indirect route; to pick (one's way) through
ซอกแซก,saawkF saaekF,adjective,[is] winding; indirect; crooked; tortuous
ซอกแซก,saawkF saaekF,adjective,[is] inquisitive
ซอกเกอร์,saawkF guuhrM,"noun, adjective, loanword, English",[Thai transcription of the foreign loanword] soccer
ซอกซอน,saawkF saawnM,verb,to go into hiding; conceal oneself
ซอง ,saawngM,noun,envelope; packet; package
"verb, transitive, intransitive, colloquial",[gay male slang] to keep a male partner gratified by proffering him something; usually cash,,
classifier,"[numerical classifier for packs, or packages of things]",,
ซองขาว,saawngM khaaoR,"noun, figurative",[fig.] bribe; graft; payola; pink slip; termination of employment notice
ซองขาว,saawngM khaaoR,noun,[lit.] white envelope
ซองจดหมาย ,saawngM johtL maaiR,noun,envelope
ซองจดหมายอากาศ ,saawngM johtL maaiR aaM gaatL,noun,airmail envelope
,,,
ซองบุหรี่ ,saawngM booL reeL,noun,pack of cigarettes
ซองปืน,saawngM bpeuunM,noun,holster for a gun
ซองใส่ถุงยางของเพื่อนอยู่ในกระเป๋ากางเกงคุณเหรอ? ฮ่า! แก้ตัวน้ำขุ่น ๆ เลยนะ ,saawngM saiL thoongR yaangM khaawngR pheuuanF yuuL naiM graL bpaoR gaangM gaehngM khoonM ruuhrR haaF gaaeF dtuaaM naamH khoonL khoonL leeuyM naH,example sentence,"That’s your friend’s condom wrapper, in your pants? Huh? You’re really digging your own grave!"
ซ่อง ,saawngF,"noun, colloquial",brothel; whore house; hideout; joint
"verb, intransitive, colloquial",[negative connotation] to assemble; to meet; to get together,,
classifier,[Numerical classifier for brothels; hideouts; gangs],,
ซ่องโจร ,saawngF jo:hnM,"noun, phrase, colloquial",thieves' den; criminal association
ซ่องสุม ,saawngF soomR,"verb, intransitive, phrase, idiom",[of a conspiracy] to assemble; to meet secretly
ซ่องโสเภณี,saawngF so:hR phaehM neeM,noun,brothel
ซ้อง,saawngH,"verb, intransitive",to sing in unison; to cry out in one voice
ซอน,saawnM,"verb, intransitive",to systematically penetrate inwards; to creep or crawl inside; to worm one's way in
ซ่อน ,saawnF,verb,to conceal or hide an item or oneself
noun,[ที่ซ่อน] sanctuary; retreat; shelter; safe-house; hideaway,,
ซ่อนเงื่อน,saawnF ngeuuanF,adjective,[is] secretive; furtive; cunning; [acts] mysteriously
ซ่อนตัว,saawnF dtuaaM,verb,to hide (oneself)
ซ่อนรูป,saawnF ruupF,verb,to cover up one's figure; conceal the figure; disguise one's shape
ซ่อนเร้น,saawnF renH,verb,conceal; cover up; hide; keep secret
ซ่อนเร้นอำพราง,saawnF renH amM phraangM,verb,to conceal; cover up
ซ่อนไว้ ,saawnF waiH,verb,hide
ซ่อนหา ,saawnF haaR,"verb, phrase, colloquial",[name of a traditional Thai game/entertainment in the past] hide and seek
ซ้อน ,saawnH,adjective,complex; detailed; delicate
adjective,double; twin; a set of two,,
adjective,in succession; one following another; accumulating,,
adjective,[is] overlapping,,
,[ทับซ้อน] overlapping,,
ซ้อนท้าย,saawnH thaaiH,verb,to sit on the back of a motorcycle
ซ้อนท้ายกลาง,saawnH thaaiH glaangM,"verb, phrase",[ซ้อนท้ายกลาง] to sit on a motorcycle as the middle passenger
ซ้อนท้ายสุด,saawnH thaaiH sootL,"verb, phrase",[ซ้อนท้ายสุด] to sit on a motorcycle as the rear passenger
ซอนนี่,saawnM neeF,"proper noun, loanword, English",Sonny [an English given name]
ซอนย่า,saawnM yaaF,"proper noun, loanword, English",Sonja; Sonya; Sonia [an English given name]
ซอฟต์แวร์ ,saawfF waaeM,"noun, loanword, English",[Thai transcription of the foreign loanword] software; application program(s) for a computer
ซอฟต์แวร์ตัวนี้ผมไม่เก๊ตเลย ,saawfF waaeM dtuaaM neeH phohmR maiF getH leeuyM,"example sentence, colloquial","[less formal] ""I can't get the hang of the software."
ซอฟท์แวร์,saawfF waaeM,,[alternate spelling of ซอฟต์แวร์ ]
ซ่อม ,saawmF,verb,to repair; to mend; to fix
ซ่อมแซม ,saawmF saaemM,verb,to renovate or fix an object
ซ่อมแซม,saawmF saaemM,noun,restitution; satisfaction of a debt
ซ่อมบำรุง,saawmF bamM roongM,verb,to repair and maintain
ซ่อมสุม,saawmF soomR,verb,to assemble; meet together; congregate; swarm; flock together; gather
ซ้อม ,saawmH,verb,to practice; to train; to rehearse; to drill
,to beat up,,
ซ้อมที่สนามไดร์ มันไม่ได้อารมณ์เหมือนตีในสนามจริง,saawmH theeF saL naamR draiM manM maiF daiF aaM rohmM meuuanR dteeM naiM saL naamR jingM,example sentence,Practicing on the driving range is not as much fun as playing on a real golf course.
ซ้อมมือ,saawmH meuuM,verb,to exercise; practise one's skill; train
ซ้อมรบ,saawmH rohpH,"verb, phrase",to maneuver; engage in a military exercise
ซอมซ่อ,saawmM saawF,adjective,[is] shabby; worn
adverb,shabbily,,
ซอมซ่อ,saawmM maH saawF,,[alternate pronunciation of ซอมซ่อ]
ซอมบา ,saawmM baaM,"proper noun, geographical","Zomba, a city in ประเทศมาลาวี (Malawi)"
ซอย ,saawyM,noun,Soi; lane; side street; alley
classifier,[numerical classifier for small street or alleys],,
verb,to pare down; to snip or trim in small amounts,,
ซอยตัน,saawyM dtanM,noun,blind alley; street with no exit
ซอยเท้า,saawyM thaaoH,"verb, phrase",to tap one's feet; take short steps
ซอยผม,saawyM phohmR,"verb, intransitive",to trim the hair
ซอยรื่นฤดี ,saawyM reuunF reuH deeM,"proper noun, geographical, phrase, formal",Soi Rune Rudee
ซอยอารีย์,saawyM aaM reeM,"proper noun, geographical, formal",[ซอยอารีย์] Aree [name of a Soi]
ซอล,saawlM,"noun, loanword, Latin","[music] sol, the fifth note of the major diatonic scale"
ซอลต์ ,saawnM,"noun, loanword, English",[Thai transcription of the foreign loanword] salt
ซอลต์เลกซิตี,saawnM laehkF siH dteeM,"proper noun, geographical","Salt Lake City, the capital city of ยูทาห์ (Utah)"
ซอส ,saawtH,"noun, loanword, English",[Thai transcription of the foreign loanword] sauce
ซอสพริก,saawtH phrikH,noun,chili sauce
ซอสมะเขือเทศ  ,saawtH maH kheuuaR thaehtF,noun,catsup; ketchup; tomato sauce
,,,
ซ้อส ,saawtH,,[alternate spelling of ซอส ]
ซอสเบอรี,saawtF buuhrM reeM,,[alternate spelling of ซาลิสเบอรี ]
ซะ,saH,"particle, colloquial",[colloquial version of เสีย —a word placed after a verb or at the end of a sentence to add emphasis or indicate a command]
ซะงั้น,saH nganH,interjection,unexpectedly; that's the way it is; suddenly
ซะหน่อย,saH naawyL,adverb,just a little bit; even a little bit; at all
ซะอีก,saH eekL,,[spoken version of เสียอีก]
ซะงั้น,saH nganH,,[alternate spelling of ซ่ะงั้น]
ซ่ะงั้น,saF nganH,adverb,"unexpectedly, just like that"
ซัก ,sakH,verb,to wash; launder
verb,to interrogate; cross-examine; inquire,,
adverb,[alternative spelling of สัก ] just; mere; even; just about; approximately,,
ซัก,sakH,,[alternate spelling of สัก ]
ซักคน ,sakH khohnM,pronoun,just one person; only one person; anyone
ซักคน,sakH khohnM,noun,just one person
ซักครู่ ,sakH khruuF,verb,"to wait a moment; to delay; to pause; ""one moment please"" — ""please wait a moment"
ซักคำ,sakH khamM,noun,not even one word
ซักซ้อม,sakH saawmH,verb,to exercise; practice
ซักน้ำ,sakH naamH,verb,to launder in water (as opposed to dry cleaning)
ซักน้ำไม่ได้ค่ะ ต้องซักแห้ง ,sakH naamH maiF daiF khaF dtawngF sakH haaengF,example sentence,"No, you must have it dry cleaned."
ซักนิด,sakH nitH,adverb,even a little bit
ซักผ้า ,sakH phaaF,verb,to do laundry; wash clothes
ซักผ้าขาว ,sakH phaaF khaaoR,noun,bleach
ซักฟอก,sakH faawkF,verb,to wash clothes; launder; clean
ซักฟอก,sakH faawkF,verb,to question; interrogate; ask
ซักรีด ,sakH reetF,"verb, intransitive",to wash and iron; to do laundry; to launder
ซักล้าง,sakH laangH,,to wash; to clean
ซักหน่อย,sakH naawyL,adverb,a little; at all
ซักแห้ง ,sakH haaengF,verb,dry clean
ซักไซ้,sakH saiH,,to interrogate; ask; question closely; inquire
ซักไซ้ไล่เลียง,sakH saiH laiF liiangM,verb,to interrogate; grill
ซักถาม ,sakH thaamR,verb,to question; interrogate; inquire; ask
ซัง,sangM,verb,[Isaan dialect] เกลียด 
noun,corncob; cob,,
classifier,[numerical classifier for corncob],,
ซั้ง,sangH,noun,fish trap
ซังเต,sangM dtaehM,noun,cooler; jail; lockup; nick
ซัด ,satH,verb,"to throw, hurl, or cast"
verb,to put the blame on each other; shift the blame on; impeach or accuse each other,,
ซัดทอด,satH thaawtF,verb,to implicate; blame on the other; impeach; accuse
ซัดสาด,satH saatL,verb,to splash; splatter; spill; scatter
ซันซัลวาดอร์,sanM sanM waaM daawM,,[alternate spelling of ซานซัลวาดอร์ ]
ซันตาเฟ่,sanM dtaaM fehF,,[alternate spelling of ซานตาเฟ่ ]
ซันติอาโก ,sanM dtiL aaM go:hM,"proper noun, geographical","Santiago, the capital city of ชิลี  (Chile)"
ซันโตโดมิงโก,sanM dto:hM do:hM mingM go:hM,,[alternate spelling of ซานโตโดมิงโก ]
ซันรูฟ,sanM ruufF,"noun, loanword, English",[Thai transcription of the foreign loanword] sunroof
ซันโฮเซ,sanM ho:hM saehM,,[alternate spelling of ซานโฮเซ ]
ซับ ,sapH,verb,to mop up; to soak up; to absorb; to blot up
"noun, loanword, English",[Thai transcription of foreign loan word] subtitle,,
ซับซาบ,sapH saapF,"verb, intransitive",to realize; become aware of; come to understand
ซับใน,sapH naiM,noun,the lining (of a coat or a dress)
ซับซ้อน ,sapH saawnH,adjective,[is] complex; complicated
ซัพพลายเออร์,sapH phlaaiM uuhrM,"noun, loanword, English",[Thai transcription for foreign loan word] supplier
ซั่มกัน,samF ganM,"verb, colloquial",to have sex
ซัมซุง,samM soongM,"noun, proper noun",[company name] Samsung
ซัมซุงขึ้นมาผงาดโลก ทิ้งคู่แข่งเจ้าอื่นอย่างไม่เห็นฝุ่น,samM soongM kheunF maaM phaL ngaatL lo:hkF thingH khuuF khaengL jaoF euunL yaangL maiF henR foonL,example sentence,Samsung has risen to become a world-class company; it has left its competition in the dust.
ซัมมิท,samM mitH,"noun, loanword, English",a summit meeting [among leaders]
,,,
ซัลเฝต,sanM faehtL,"prefix, noun, loanword, English",[Thai transcription of the foreign loanword] sulfate
ซัลฟิวริก,sanM fiuM rikH,"adjective, loanword, English",[Thai transcription of the foreign loanword] sulfuric
ซัลฟูริค,sanM fuuM rikH,,[alternate spelling of ซัลฟิวริก]
ซัลเฟต,sanM faehtF,,[alternate spelling of ซัลเฝต]
ซัลไฟด์,sanM faiM,"noun, adjective, loanword, English",[Thai transcription of the foreign loanword] sulfide
ซั่ว,suaaF,adjective,[euphonious suffix]
noun,type of thin Chinese noodle,,
ซั้ว,suaaH,,[euphonious suffix]
ซา ,saaM,"verb, intransitive",to subside; abate; diminish in power
ซ่า ,saaF,"adjective, adverb",[is] fizzy; foamy; making the sound of a foaming liquid
interjection,[the sound of rushing or falling water],,
verb,"to feel a tingling or pricking sensation on the skin, especially due to an experience of terror or horror",,
verb,"to show off; to run wild; to be a ""loose cannon""; swagger",,
ซาก ,saakF,,remains; corpse; carcass
noun,[ต้นซาก] Serianthes grandiflora a hardwood used for fuel,,
noun,[ไม้ซาก] hardwood of the Serianthes grandiflora tree,,
,[ซาก ๆ] [euphonious word],,
classifier,[numerical classifier for corpses],,
ซากดึกดำบรรพ์ ,saakF deukL damM banM,noun,fossil
ซากดึกดำบรรพ์มีหลายชนิด อาจเป็นสิ่งที่มีความคงทนยากต่อการทำลาย เช่น ฟัน กระดูก หรือ เปลือก แต่ในบางสภาวะ อาจมีการเก็บรักษาซากสัตว์ทั้งตัวให้คงอยู่ได้,saakF deukL damM banM meeM laaiR chaH nitH aatL bpenM singL theeF meeM khwaamM khohngM thohnM yaakF dtaawL gaanM thamM laaiM chenF fanM graL duukL reuuR bpleuuakL dtaaeL naiM baangM saL phaaM waH aatL meeM gaanM gepL rakH saaR saakF satL thangH dtuaaM haiF khohngM yuuL daiF,example sentence,"There are many kinds of fossils. Sometimes they are highly durable items which are difficult to destroy, such as teeth, bones, or shells. However, in some situations, they represent preservation of the remains of complete animal bodies."
ซากปรักหักพัง,saakF bpaL rakL hakL phangM,"noun, phrase, formal",wreckage; ruins
ซากศพ,saakF sohpL,noun,corpse; body
ซากสลักหักพัง ,saakF saL lakL hakL phangM,noun,architectural ruins
ซาก ๆ,saakF saakF,,[ซาก ๆ] [euphonious word]
ซากุระ,saaM gooL raH,noun,Cherry blossom
noun,[ดอกซากุระ] cherry blossom flower,,
noun,[ต้นซากุระ] cherry blossom tree,,
ซากุไร,saaM gooL raiM,"proper noun, loanword, Japanese",Sakurai
ซาเกรบ,saaM graehpL,,[alternate spelling of ซาเกร็บ ]
ซาเกร็บ ,saaM grepL,"proper noun, geographical","Zagreb, the capital city of โครเอเชีย  (Croatia)"
ซาไก,saaM gaiM,proper noun,"Sakai, referring to the เซมัง ethnic minority people of the Malay peninsula"
ซาคราเมนโต ,saakF raaM maehnM dto:hM,"proper noun, geographical","Sacramento, the capital city of แคลิฟอร์เนีย (California)"
ซาง ,saangM,noun,"[ต้นซาง] the pampas grass, Dendrocalamus strictus"
noun,"[โรคซาง] follicular pharyngitis or laryngitis, a children's disease",,
ซาช่า,saaM chaaF,"proper noun, loanword, English",Sascha [a Russian given name]
ซาดิสม์,saaM ditL,"loanword, English",[Thai transcription of the foreign loanword] sadism
ซาตาน,saaM dtaanM,proper noun,[Thai transcription of foreign loanword] Satan
ซาติน,saaM dtinM,"noun, loanword, English",[Thai transcription of the foreign loanword] satin
ซาน,saanM,verb,crawl; struggle along
proper noun,San,,
ซานซม,saanM sohmM,verb,[is] desperate; pitiable; pathetic
ซ่าน ,saanF,"verb, intransitive","to diffuse or infuse, to gradually spread or absorb"
ซานซัลวาดอร์ ,saanM sanM waaM daawM,"proper noun, geographical","San Salvador, the capital city of เอลซัลวาดอร์  (El Salvador)"
ซ่านเซ็น,saanF senM,verb,to scatter; disburse; spread
ซานตาเฟ่ ,saanM dtaaM fehF,"proper noun, geographical","Santa Fe, the capital city of นิวเม็กซิโก (New Mexico)"
ซานโตโดมิงโก ,saanM dto:hM do:hM mingM go:hM,"proper noun, geographical","Santo Domingo, the capital city of สาธารณรัฐโดมินิกัน (Domincan Republic)"
ซานฟรานซิสโก,saanM fraanM sitH go:hM,"proper noun, geographical, loanword, English","San Francisco, a city in California (United States)"
ซานมารีโน ,saanM maaM reeM no:hM,"proper noun, geographical","San Marino, the capital city of ซานมารีโน  (San Marino)"
"proper noun, geographical","[ประเทศซานมารีโน] San Marino, a country in Europe",,
ซานฮวน ,saanM huaanM,"proper noun, geographical","San Juan, the capital city of เปอร์โตริโก  (Puerto Rico)"
ซานโฮเซ ,saanM ho:hM saehM,"proper noun, geographical","San Jose, the capital city of คอสตาริกา  (Costa Rica)"
ซานา ,saaM naaM,"proper noun, geographical","Sanaa, the capital city of ประเทศเยเมน (Yemen)"
ซาบ,saapF,"verb, intransitive",to be absorbed rapidly; to be permeated rapidly; to infiltrate quickly; to be suffused thoroughly
ซาบซ่าน,saapF saanF,verb,to refresh; restore; freshen; diffuse
ซาบซึ้ง,saapF seungH,"verb, transitive, intransitive, phrase",to appreciate; to be deeply impressed; to be very impressive; to appeal
ซาบซึ้ง,saapF seungH,adjective,"[is] moved, touched emotionally (by the sight of a poor child), filled with an emotion"
ซาบซึ้งใจ,saapF seungH jaiM,adjective,[ซาบซึ้งใจ] [is] impressed; appreciative
ซาฟารี,saaM faaM reeM,"noun, loanword, English",[Thai transcription of the foreign loanword] safari
ซามัว ,saaM muaaM,"proper noun, geographical",[ประเทศซามัว] Samoa
ซามูไร,saaM muuM raiM,"proper noun, loanword, Japanese",[Thai transcription of the foreign loanword] 侍; samurai; samurai warrior; Japanese warrior
ซามูเอล,saaM muuM aehnM,"proper noun, loanword",Samuel [a given name]
ซาแมนธา,saaM maaenM thaaM,"noun, proper noun, person, formal, loanword, English",Samantha [an English given name]
ซ้าย ,saaiH,"adjective, adverb",left direction (opposite of right)
adverb,[ข้างซ้าย] on the left; towards the left,,
noun,[ข้างซ้าย] left side,,
"adjective, adverb",[เบื้องซ้าย] to the left,,
,,,
ซ้ายมือ ,saaiH meuuM,"noun, adjective",left-hand
ซาร์บรืกเคิน,saapF reuukF kheernM,"proper noun, geographical","Saarbrücken, a city in Germany"
ซาร์ส,saasF,"noun, proper noun, loanword, English",SARS (Severe Acute Respiratory Syndrome)
ซารา,saaM raaM,,[alternate spelling of ซาร่าห์]
ซาราเยโว ,saaM raaM yaehM wo:hM,"proper noun, geographical","Sarajevo, the capital city of บอสเนียและเฮอร์เซโกวีนา (Bosnia and Herzegovia)"
ซาร่าห์,saaM raaF,proper noun,Sarah; Sara [an English given name]
ซาลาเปา,saaM laaM bpaoM,noun,steamed Chinese stuffed bun or dumpling
ซาลิสเบอรี ,saaM litH buuhrM reeM,"proper noun, geographical","Salisbury, a city in South Australia (Australia)"
ซาเลม ,saaM laehmM,"proper noun, geographical","Salem, the capital city of โอเรกอน (Oregon)"
ซาโลมอน,saaM lo:hM maawnM,proper noun,Solomon [a given name]
ซาว ,saaoM,verb,to wash rice in water; to wash; to rinse
"verb, loanword, English","to ""sound",,
ซาวเสียง,saaoM siiangR,verb,to sound out; poll
ซาวด์,saaoM,,[alternate spelling of ซาวนด์]
ซาวด์อะเบ๊าท์ ,saaoM aL baoH,noun,"cassette player (personal, e.g. Walkman, from the brand ""Sound-about"")"
ซาวนด์,saaM wohnM,"noun, colloquial, loanword, English",[Thai transcription of the foreign loanword] sound
ซาวนด์แทร็ค ,saaM wohnM thraekH,"noun, phrase, colloquial, loanword, English","[Thai transcription of the foreign loanword, ""soundtrack"" or เพลงประกอบภาพยนตร์]"
ซาวน่า,saaoM naaF,"noun, loanword, English",[Thai transcription of the foreign loanword] sauna
ซาวน่าเกย์ ,saaoM naaF gaehM,noun,gay sauna; gay bathhouse
ซาหริ่ม,saaM rimL,noun,sweet Thai dish make with bean threads and coconut milk.
ซาอุดิอาระเบีย ,saaM ooL diL aaM raH biiaM,"proper noun, geographical, adjective",[general] Saudi Arabia; Saudi Arabian
"proper noun, geographical","[ประเทศซาอุดิอาระเบีย] Saudi Arabia, a country in the Middle East",,
ซาฮารา,saaM haaM raaM,"proper noun, geographical",Sahara
ซาฮาราตะวันตก,saaM haaM raaM dtaL wanM dtohkL,"proper noun, geographical","Western Sahara, a country in northwest Africa"
ซ้ำ ,samH,"adjective, adverb",[is] repeated; recurrent
verb,to repeat; to recur; to reiterate,,
adverb,[ซ้ำ ๆ] again and again; over and over,,
conjunction,and,,
ซ้ำซ้อน,samH saawnH,,[is] duplicate; alike
ซ้ำซ้อน,samH saawnH,noun,a copy; a double; a duplication
ซ้ำเติม ,samH dteermM,"verb, phrase, colloquial",to repeat; to do (something) time and again; to follow up with another blow; to aggravate; to intensify; to make things worse
ซ้ำเติม,samH dteermM,adverb,repeatedly; again and again; over and over; time and again
ซ้ำไปซ้ำมา,samH bpaiM samH maaM,"adverb, phrase",repeatedly; again and againg
ซ้ำยังใช้งานให้มันแบกฟืนเหมือนกับสัตว์ที่ใช้งานตามไร่นาอีก,samH yangM chaiH ngaanM haiF manM baaekL feuunM meuuanR gapL satL theeF chaiH ngaanM dtaamM raiF naaM eekL,example sentence,"Moreover, [the horse] was used to carry firewood, like any other beast of burden working on the farm."
ซ้ำรอย,samH raawyM,,[ซ้ำรอย] to repeat
ซ้ำร้ายไปกว่านั้น,samH raaiH bpaiM gwaaL nanH,adverb,Even more than that...; Even worse than that
ซ้ำแล้วซ้ำเล่า,samH laaeoH samH laoF,adverb,repeatedly; again and again
ซ้ำแล้วซ้ำอีก,samH laaeoH samH eekL,adverb,again and again; repeatedly
ซ้ำอีก,samH eekL,adverb,again; yet one more time
ซ้ำอีกครั้ง,samH eekL khrangH,adverb,again
ซ้ำ ๆ ,samH samH,adverb,[ซ้ำ ๆ] again and again; over and over
ซ้ำซาก,saamH saakF,adverb,repetitiously; again and again; repeatedly
ซำบาย,samM baaiM,adjective,[Isaan variant (rare) of] สบาย 
ซำบายดีบ๊อ,samM baaiM deeM baawH,,"[Isaan usage, rare] ""How are you?"
ซ้ำๆ ซากๆ,saamH saamH saakF saakF,adverb,repeatedly; over and over; frequently; many times; often
ซ้ำๆซากๆ,saamH saamH saakF saakF,adverb,often; usually
ซิ ,siH,particle,"[a particle which conveys urgency, adding an imperative quality] (this is the way it is or must be)"
,"[Thai pronunciation of the English letter,] 'Z' [as named in the United States]",,
auxiliary verb,[Isaan dialect] จะ ,,
ซิ,siH,,[alternate spelling of ซี่ ]
ซิไปไส,siH bpaiM saiR,example sentence,[Isaan dialect] จะไปไหน
ซิ่,siF,,[alternate spelling of ซี่ ]
ซิก,sikH,noun,Sikh
adverb,"(of perspiration or tears, flowing) profusely; copiously; (sobbing) convulsively",,
ซิกข์,sikH,,[alternate spelling of ซิก]
ซิกซี้,sikH seeH,verb,to banter (with); to tease; to chuckle (at)
ซิกแซ็ก,sikH saekH,adjective,[is] zigzag
ซิกมันด์,sikH manM,"proper noun, person, loanword, English",Sigmund [a given name]
,,,
ซิกมันด์ ฟรอยด์ ,sikH manM fraawyM,"proper noun, person",Sigmund Freud
ซิกห์,sikH,noun,Sikh
ซิกา,siH gaaM,,[alternate spelling of ซิการ์]
ซิการ์,siH gaaM,"noun, loanword, English",[Thai transcription of the foreign loanword] cigar
ซิกาแรต,siH gaaM raaetF,"noun, loanword, English",[Thai transcription of the foreign loanword] cigarette
ซิง,singM,adjective,[ซิงๆ] [is] brand-new; novel; new
adjective,[Thai transcription and shortening of foreign loanword] single,,
ซิงๆ,singM singM,adjective,[ซิงๆ] [is] brand-new; novel; new
ซิ่ง,singF,"adjective, colloquial",[of a person] hip; up-to-date; modern; with-it; savvy; down (with it)
"verb, loanword, English","racing"" [shortened from English]",,
verb,[แต่งซิ่ง] to tune for racing,,
ซิงเกิลเกตเวย์,singM geernM gaehtL waehM,"noun, loanword, English",[Thai transcription of foreign loanword] single gateway
ซิด,sitH,"proper noun, loanword, English",Syd; Sid [an English given name]
ซิดนี่,sitH neeF,,[alternate spelling of ซิดนีย์ ]
ซิดนีย์ ,sitH neeM,"proper noun, geographical","Sydney, a city in New South Wales (Australia), the largest city in Oceania, 2000 population 3,700,000"
proper noun,Sydney; Sidney [an English given name],,
ซิตี ,siH dteeM,"noun, loanword, English",[Thai transcription of the foreign loanword] city
ซิตี้,siH dteeF,,[alternate spelling of ซิตี ]
ซิเตรต,siH dtraehtL,"formal, loanword, English",[Thai transcription of the foreign loanword] citrate
ซิทคอม,sitH khaawmM,noun,[Thai transcription of foreign loanword] sit-com; situation comedy
ซิโธรแมกซ์,siH tho:hnM maaekF,"noun, proper noun, formal, loanword, English","[Thai transcription of the foreign loanword] ""Zithromax""—แอซิโธรไมซิน (Azitromycin)"
ซิ่น ,sinF,noun,[ผ้าซิ่น] a [specific type of] wraparound dress worn in Northern Thailand
ซินดี้,sinM deeF,"proper noun, loanword, English",Cindy [an English given name]
ซินเธีย,sinM thiiaM,"proper noun, loanword, English",Cynthia [an English given name]
ซินแส ,sinM saaeR,"noun, colloquial, loanword, Chinese",doctor; physician; teacher; fortune-teller
ซิบๆ,sipH sipH,adverb,dripping; oozing (used with blood)
ซิป ,sipH,noun,zipper
ซิฟิลิส,siH fiH litH,"noun, loanword, English",[Thai transcription of the foreign loanword] syphilis
noun,[โรคซิฟิลิส] syphilis,,
ซิม,simM,"noun, adjective, loanword, English",[Thai transcription of the foreign loanword] SIM; Subscriber Identity Module
ซิมการ์ด,simM gaadL,"noun, loanword, English",SIM card
ซิ้ม,simH,"noun, loanword, Chinese",[used in Chinese families] aunt
ซิมบับเว ,simM bapL waehM,"proper noun, geographical","[ประเทศซิมบับเว] Zimbabwe, a country in Africa"
ซิเมนต์,siH maehnM,,[alternate spelling of ซีเม็นต์ ]
ซิลเดนาฟิล,sinM daehM naaM finM,"formal, loanword, English",[Thai transcription of the foreign loanword] sildenafil
ซิลเดนาฟิล ซิเตรต ,sinM daehM naaM finM siH dtraehtL,"proper noun, phrase, formal, loanword, English","[Thai transcription of the foreign loanword, ""sildenafil citrate""—ไวอะกร้า (viagra)]"
ซิลเวสเตอร์,sinM waehtF dtuuhrM,"proper noun, loanword, Lao",Sylvester [a given name]
ซิลเวอร์,sinM wuuhrM,"noun, loanword, English",[Thai transcription of the foreign loanword] silver
ซิลเวอร์ไนเตรต,sinM wuuhrM naiM dtraehtL,"noun, loanword, English","silver nitrate, AgNO3"
ซิลิคอน,siH liH khaawnM,,[alternate spelling of ซิลิค่อน]
ซิลิค่อน,siH liH khaawnF,"noun, proper noun, formal, loanword, English","[chemistry] Silicon, Si, atomic number 14, a tetravalent nonmetallic element that occurs combined as the most abundant element next to oxygen in the earth's crust and is used especially in alloys and electronic devices. By doping its lattice with certain impurities, a semiconducting material is formed which is the basis for modern electronics."
ซิลิโคน,siH liH kho:hnM,noun,[Thai transcription of foreign loanword] silicone
ซิเลีย,siH liiaM,"proper noun, loanword, English",Celia [a Spanish given name]
ซิว,siuM,"verb, loanword, Chinese",to collect; keep; preserve; pick up; save; put away; lay aside; cull; glean
verb,to win (in sports),,
noun,[ปลาซิว] minnow,,
ซิวหวิว,siuM wiuR,verb,to win narrowly (sport news)
ซิอิ๊ว,siH iuH,,[alternate spelling of ซีอิ๊ว ]
ซี ,seeM,,[Thai pronunciation of the English letter] 'C'
"proper noun, loanword, English",[Thai transcription of the letter 'C'] the C programming language,,
"noun, loanword",[Thai transcription of foreign loanword] sea,,
"interjection, particle","[particle expressing ""this is how it is; ""mind what I say]",,
ซี,seeM,,[alternate spelling of ซิ ]
ซี,seeM,,[alternate spelling of ซี่ ]
ซีชาร์ป,seeM chaapF,proper noun,[Thai transcription of foreign loanword'] the C# programming language
ซีดี,seeM deeM,"noun, proper noun, formal, loanword, English","[Thai transcription of the foreign loanword, ""CD""] compact disc"
ซีดีรอม  ,seeM deeM raawmM,"noun, proper noun, phrase, formal, loanword, English","[Thai transcription of the foreign loanword, ""CD-ROM""] compact disc read-only memory"
ซีพลัสพลัส,seeM phlatH phlatH,proper noun,[Thai transcription of foreign loanword] the C++ programming language
ซีพียู,seeM pheeM yuuM,"noun, loanword, English","[Thai transcription of the foreign loanword, ""CPU""] central processing unit"
ซีฟู้ด ,seeM fuutH,"noun, loanword, English","[Thai transcription of the foreign loanword, ""seafood""]"
,,,
ซี่ ,seeF,noun,rib; bar; tooth; tine; pale; spoke
"verb, colloquial",to hump or mount a female animal for copulation or reproduction,,
classifier,"[numerical classifier for rib, spoke, prong, tine, bar, teeth]",,
"adverb, interjection, particle",[a particle indicating the imperative or emphatic],,
ซี่โครง ,seeF khro:hngM,noun,rib or ribs of an animal
ซี่ล้อรถ ,seeF laawH rohtH,noun,spoke (in a wheel)
ซี้,seeH,"verb, intransitive, colloquial, loanword, Chinese","[colloquial slang, used comically] to die"
"adjective, verb, intransitive, colloquial",[of friendship] [colloquial slang] close; tight; intimate; attached; dear; devoted; familiar; inseparable; loving,,
ซี้ซั้ว,seeH suaaH,adjective,"[is] careless; indiscriminate; slipshod; ""going through the motions"
ซี้ม่องเท่ง ,seeH maawngF thengF,"verb, intransitive, phrase, colloquial, loanword, Chinese",[see ม่องเท่ง]
ซีก,seekF,noun,section; piece; part; portion [as in the English prefix] hemi-
classifier,[numerical classifier for sections],,
ซีกโลก,seekF lo:hkF,noun,hemisphere
ซีกโลกใต้,seekF lo:hkF dtaaiF,"noun, phrase",Southern hemisphere
ซีกโลกเหนือ,seekF lo:hkF neuuaR,"noun, phrase",Northern hemisphere
ซีเกมส์,seeM gaehmM,"proper noun, loanword, English",[Thai transcription for foreign loanword] SEA games
ซีเจ,seeM jaehM,"proper noun, loanword, English",CJ [an English given name]
ซี้ซซิ,seesH siH,noun,"[Thai transcription of foreign loanword] sissy; cross dresser, shemale, katoey"
ซีซาร์ ,seeM saaM,proper noun,Caesar
"proper noun, loanword, English",Cesar [a Spanish given name],,
ซีซาร์สลัด,seeM saaM saL latH,noun,Caesar salad
ซีเซียม,seeM siiamM,,[alternate spelling of ซีเซี่ยม]
ซีเซี่ยม,seeM siiamF,noun,"[chemistry] Cesium, Cs, atomic number 55"
ซีด ,seetF,verb,to fade
adjective,[is] faded; pale; pallid; wan,,
ซีดขาว,seetF khaaoR,adjective,[is] pale; wan; pallid
ซี้ด ,seetH,"colloquial, onomatopoeia",[onomatopoeia] sound expressed when eating something hot and spicy
"interjection, colloquial",[an interjection used during an intercourse to express pleasure or to signal that a climax is reached],,
ซี๊ดดด,seetH dohtL,,[alternate spelling of ซี้ด ]
ซีดาร์,seeM daaM,"noun, adjective",[general] cedar
noun,[ต้นซีดาร์] cedar tree,,
ซีดีซี,seeM deeM seeM,"noun, loanword, English, abbreviation",[abbreviation for กรมควบคุมและป้องกันโรค] CDC (U.S.)
ซีโต,seeM dto:hM,proper noun,[Thai transcription of the foreign loanword] SEATO; South East Asian Treaty Organization (1954-1977)
ซีเธอร์,seeM thuuhrM,noun,[Thai transcription of the foreign loanword] zither
ซีนอน,seeM naawnM,,[alternate spelling of ซีน่อน]
ซีน่อน,seeM naawnF,noun,[Thai transcription of foreign name] Xenon
ซีนีเพล็กซ์,seeM neeM phlekH,"proper noun, loanword, English",[Thai transcription of foreign loan word] Cineplex
ซีพี,seeM pheeM,"noun, proper noun","C.P., a major food processing corporation in Thailand"
ซีเมนต์,seeM maehnM,,[alternate spelling of ซีเม็นต์ ]
ซีเม็นต์ ,seeM menM,"noun, loanword, English",[Thai transcription of the foreign loanword] cement
ซีร็อกส์,seeM rawkH,"loanword, English","[Thai transcription of] Xerox®, a trademark, registered with the Trademark office of Thailand, to Xerox Corporation, United States, for that corporation's distinctive photocopying process and their associated photocopying equipment and materials"
ซีริลลิก,seeM rinM likH,"noun, adjective, loanword","Cyrillic, as in Cyrillic alphabet (e.g. Russian)"
ซีรีส์,seeM reeM,"noun, loanword, English",[Thai transcription of the foreign loanword] series
ซีรุม ,seeM roomM,"noun, loanword, English",[Thai transcription of the foreign loanword] serum
ซีเรีย ,seeM riiaM,"proper noun, geographical","[ประเทศซีเรีย] Syria, a country in the Middle East"
ซีเรียม,seeM riiamM,,[alternate spelling of ซีเรี่ยม]
ซีเรี่ยม,seeM riiamF,"noun, loanword, English","[chemistry] Cerium, Ce, atomic number 58"
ซีเรียล,seeM riianM,"loanword, English",cereal (i.e. commercial breakfast cereal)
ซีเรียส ,seeM riiatF,"adjective, loanword, English","[Thai transcription of the foreign loanword] ""serious"" (of a person's state of mind)"
ซีไรต์,seeM raiM,"proper noun, loanword, English",[Thai transcription of foreign name] S.E.A. Write
ซีอิ้ว,seeM iuF,,[alternate spelling of ซีอิ๊ว ]
ซีอิ๊ว ,seeM iuH,,(豉油) soy sauce
noun,[น้ำซีอิ๊ว] (豉油) soy sauce,,
ซีอิ๊วขาว,seeM iuH khaaoR,noun,light soy sauce
ซีอิ๊วดำ,seeM iuH damM,noun,"dark, sweet soy sauce"
ซีแอตเติ้ล,seeM aaetL dteernF,,[alternate spelling of ซีแอ็ตเติ้ล ]
ซีแอ็ตเติ้ล ,seeM aetL dteernF,"proper noun, geographical, loanword, English","Seattle, a city and port in western Washington state, between Puget Sound and Lake Washington, 2000 population 563,375 (Seattle/Eastside/Everett metro area 2,471,000; Everett-Tacoma corridor 4,337,800)"
ซีแอตเทิล,seeM aaetL theernM,,[alternate spelling of ซีแอ็ตเติ้ล ]
ซีไอเอ,seeM aiM aehM,proper noun,[Thai transcription of foreign loanword] CIA; Central Intelligence Agency
ซึง,seungM,noun,stringed musical instrument used in northern Thailand
,,,
ซึ่ง ,seungF,"pronoun, conjunction",[the relative pronouns] that; which
pronoun,[the relative pronouns] who; whose; whom; of which,,
...ซึ่งก็ค่ำมืดถึงดึกดื่นบ้างในบางคืน ,seungF gaawF khamF meuutF theungR deukL deuunL baangF naiM baangM kheuunM,example sentence,"...And, some nights [she doesn’t get home] until late evening or very late at night."
ซึ่งก็ต้องผ่านนายหน้าซึ่งเป็นหยงเช่นกัน,seungF gaawF dtawngF phaanL naaiM naaF seungF bpenM yohngR chenF ganM,example sentence,[These transactions] also passed through the hands of rice brokers.
...ซึ่งก็เป็นวิถีชีวิตปกติของคนถิ่นนี้,seungF gaawF bpenM wiH theeR cheeM witH bpaL gaL dtiL khaawngR khohnM thinL neeH,example sentence,...this is the is the way of life common to the people in this area.
ซึ่งก็อาจจะมีคำอธิบายได้เป็นร้อยเป็นพันแบบ,seungF gaawF aatL jaL meeM khamM aL thiH baaiM daiF bpenM raawyH bpenM phanM baaepL,example sentence,"So, there may be many explanatory models."
ซึ่งก่อให้เกิดประโยชน์ต่อฟาร์มทำให้ฟาร์มมีลูกพันธุ์ปลาสวายเนื้อขาวจำหน่ายตลอดทั้งปีก่อให้เกิดประโยชน์ต่อวงการเพาะเลี้ยงปลาน้ำจืดอย่างมหาศาล...,seungF gaawL haiF geertL bpraL yo:htL dtaawL faamM thamM haiF faamM meeM luukF phanM bplaaM saL waaiR neuuaH khaaoR jamM naaiL dtaL laawtL thangH bpeeM gaawL haiF geertL bpraL yo:htL dtaawL wohngM gaanM phawH liiangH bplaaM naamH jeuutL yaangL maH haaR saanR,example sentence,"This resulted in benefits for his farm by breeding large numbers of white meat catfish fingerlings all year round and provided a huge [economic] advantage to all fresh water, white meat catfish producers."
...ซึ่งก่อนหน้านี้คันไถทำด้วยไม้,seungF gaawnL naaF neeH khanM thaiR thamM duayF maaiH,example sentence,"...as in prior times, the plow was made of wood."
ซึ่งกันและกัน ,seungF ganM laeH ganM,adjective,each other
ซึ่งการถ่วงล้อก็สามารถกระทำได้โดยเพิ่มน้ำหนักลงไปณจุดใดจุดหนึ่งที่ขอบกระทะล้อ,seungF gaanM thuaangL laawH gaawF saaR maatF graL thamM daiF dooyM pheermF namH nakL lohngM bpaiM naH jootL daiM jootL neungL theeF khaawpL graL thaH laawH,example sentence,Balancing the wheels can be accomplished by adding weights at specific points on the lips of the wheel rim.
ซึ่งการปลดล็อกทรงผมในครั้งนี้ จะทำให้เด็กมีอิสระในชีวิตมากขึ้น ไม่อยู่ในกรอบที่ตึงเกินไป,seungF gaanM bplohtL lawkH sohngM phohmR naiM khrangH neeH jaL thamM haiF dekL meeM itL saL raL naiM cheeM witH maakF kheunF maiF yuuL naiM graawpL theeF dteungM geernM bpaiM,example sentence,This liberalization of rules regarding hair styles will provide students greater freedom in their lives and not feel overly constricted.
ซึ่งคนในสังคมไม่สามารถใช้ภาษาอีกต่อไปเพื่อถ่ายทอดความคิดเห็นหรือเพื่อสร้างความเข้มแข็งให้แก่ความคิดของตน,seungF khohnM naiM sangR khohmM maiF saaR maatF chaiH phaaM saaR eekL dtaawL bpaiM pheuuaF thaaiL thaawtF khwaamM khitH henR reuuR pheuuaF saangF khwaamM khemF khaengR haiF gaaeL khwaamM khitH khaawngR dtohnM,example sentence,So that people in that society are unable to use their language anymore for the purpose of transmitting their opinions or for the purpose of strengthening their own thinking.
ซึ่งจะผลักดันให้บริษัทและธนาคารต่าง ๆ เหล่านี้เพิ่มการลงทุน และขยายการลงทุนในภูมิภาคเอเซียตามมา,seungF jaL phlakL danM haiF baawM riH satL laeH thaH naaM khaanM dtaangL dtaangL laoL neeH pheermF gaanM lohngM thoonM laeH khaL yaaiR gaanM lohngM thoonM naiM phuuM miH phaakF aehM siiaM dtaamM maaM,example sentence,...which will subsequently force these corporations and banks to increase their investments and expand their capital within the Asian region.
ซึ่งใช้ภาษาอังกฤษที่ไม่ถูกต้อง ตามจากบรรทัดฐานของประเทศอังกฤษ ทั้งในการออกเสียงการสะกดของคำศัพท์หลาย ๆ คำ และไวยากรณ์บางเรื่อง,seungF chaiH phaaM saaR angM gritL theeF maiF thuukL dtawngF dtaamM jaakL banM thatH thaanR khaawngR bpraL thaehtF angM gritL thangH naiM gaanM aawkL siiangR gaanM saL gohtL khaawngR khamM sapL laaiR laaiR khamM laeH waiM yaaM gaawnM baangM reuuangF,example sentence,"[This is the country] where, based on British standards, [the people] speak English incorrectly, both in their pronunciation, in their spelling of many words, and in some elements of their grammar."
ซึ่งเดี๋ยวนี้มันไม่กระชับเข้ารูปกับต้นคอเหมือนแต่ก่อน...,seungF diaaoR neeH manM maiF graL chapH khaoF ruupF gapL dtohnF khaawM meuuanR dtaaeL gaawnL,example sentence,"Nowadays, [the yoke] did not well suit its neck as it had in the past..."
ซึ่งได้รับการอบรมมาไม่ดี,seungF daiF rapH gaanM ohpL rohmM maaM maiF deeM,"adjective, phrase",underbred
ซึ่งต้องพิสูจน์,seungF dtawngF phiH suutL,phrase,Q.E.D.; quod erat demonstrandum; that which was to be proven
ซึ่งตามสายตาของพวกเขา มีแต่การเสื่อมในเรื่องการออกเสียง การสะกดหรือการใช้คำที่พากเขามองว่าไม่ถูกต้อง,seungF dtaamM saaiR dtaaM khaawngR phuaakF khaoR meeM dtaaeL gaanM seuuamL naiM reuuangF gaanM aawkL siiangR gaanM saL gohtL reuuR gaanM chaiH khamM theeF phaakF khaoR maawngM waaF maiF thuukL dtawngF,example sentence,"From their point of view, they perceive only deterioration in the way words are pronounced; and, the way that words are spelled and how they are used they deem as “incorrect”."
ซึ่งทั้งหมดนั้นย่อมทำให้ชีวิตหลังจากวันแห่งการสูญเสียกลายเป็นอีกชีวิตหนึ่ง ซึ่งเปลี่ยนแปลงไปตลอดกาล,seungF thangH mohtL nanH yaawmF thamM haiF cheeM witH langR jaakL wanM haengL gaanM suunR siiaR glaaiM bpenM eekL cheeM witH neungL seungF bpliianL bplaaengM bpaiM dtaL laawtL gaanM,example sentence,"All of these [losses we suffer], once they’ve taken place, inevitably cause the life [we’ve known] to change into a life of some other sort; as life [itself] is forever changing."
ซึ่งทางผบ.ตร.ก็ได้สั่งการให้ท้องที่เร่งดำเนินการ,seungF thaangM phuuF banM chaaM gaanM dtamM ruaatL haengL chaatF gaawF daiF sangL gaanM haiF thaawngH theeF rengF damM neernM gaanM,example sentence,The National Police Commander ordered the local police units to hurry up and take action.
ซึ่งทำหน้าที่ผิดปกติ,seungF thamM naaF theeF phitL bpaL gaL dtiL,"verb, phrase",not functioning correctly (implying bad and negative outcomes; negative or bad behavior); performing abnormally
ซึ่งทำให้เกิดคำถามทางวิชาชีพว่า ผู้แก้ไขแบบได้แจ้งให้กับผู้ออกแบบรับทราบหรือไม่,seungF thamM haiF geertL khamM thaamR thaangM wiH chaaM cheepF waaF phuuF gaaeF khaiR baaepL daiF jaaengF haiF gapL phuuF aawkL baaepL rapH saapF reuuR maiF,example sentence,...which causes questions to arise about professionalism such as: did the people who altered the design let the designers know or not?
ซึ่งทำให้ขุ่นเคือง,seungF thamM haiF khoonL kheuuangM,"adjective, phrase, formal, idiom",offensive
ซึ่งทำให้ไม่พอใจ,seungF thamM haiF maiF phaawM jaiM,"adjective, phrase",offensive
ซึ่งทำให้เสื่อมเสียชื่อเสียง,seungF thamM haiF seuuamL siiaR cheuuF siiangR,"adjective, phrase, formal",disparaging
ซึ่งนี่เป็นปัญหาไหม ผมว่าเป็น,seungF neeF bpenM bpanM haaR maiR phohmR waaF bpenM,example sentence,"So, is this a problem? I think it is."
ซึ่งในปัจจุบันวิถีการบริโภคปลาร้าโดยเฉพาะในเขตชนบทได้ถูกอพยพกระจัดกระจายไปอยู่ตามสังคมเมืองใหญ่ ๆ ,seungF naiM bpatL jooL banM wiH theeR gaanM baawM riH pho:hkF bplaaM raaH dooyM chaL phawH naiM khaehtL chohnM naH bohtL daiF thuukL ohpL phaH yohpH graL jatL graL jaaiM bpaiM yuuL dtaamM sangR khohmM meuuangM yaiL yaiL,example sentence,"So, nowadays, the various ways of eating fermented fish have migrated from rural areas to spread all around the major cities [in Thailand]."
"ซึ่งใน ""ลาลีกา"" และ ""เซเรีย อา"" ฤดูกาลนี้ ก็ใช้ลูกฟุตบอลฤดูหนาวของไนกี้ รุ่นเดียวกันกับที่ใช้แข่งขันในพรีเมียร์ ลีก เช่นกัน",seungF naiM laaM leeM gaaM laeH saehM riiaM aaM reuH duuM gaanM neeH gaawF chaiH luukF footH baawnM reuH duuM naaoR khaawngR naiM geeF roonF diaaoM ganM gapL theeF chaiH khaengL khanR naiM phreeM miiaM leekF chenF ganM,example sentence,"This season, the La Liga and Serie A [leagues] are also using Nike winter footballs of the same type as used by the Premier League."
ซึ่งบางคนอาจไม่ได้กำหนดจุดหมายปลายทางที่แน่นอนเอาไว้,seungF baangM khohnM aatL maiF daiF gamM nohtL jootL maaiR bplaaiM thaangM theeF naaeF naawnM aoM waiH,example sentence,[In this regard] some people might not have a particular destination in mind for the end of their [walk].
ซึ่งปรับตัวได้,seungF bprapL dtuaaM daiF,"noun, phrase",action or ability to adapt
ซึ่งปรับตัวได้,seungF bprapL dtuaaM daiF,"adjective, phrase",[is] adaptable
...ซึ่งเป็นตัวปัญหาในการปลดปล่อยแก๊สคาร์บอนไดออกไซด์หรือไม่ก็ต้องนำเข้าไฟฟ้าจากประเทศเพื่อนบ้าน,seungF bpenM dtuaaM bpanM haaR naiM gaanM bplohtL bplaawyL gaaetH khaaM baawnM daiM aawkL saiM reuuR maiF gaawF dtawngF namM khaoF faiM faaH jaakL bpraL thaehtF pheuuanF baanF,example sentence,"...which are troublesome [because] they release carbon dioxide. In such a case, [Germany] will have to import electricity from neighboring countries."
...ซึ่งเป็นฟาร์มที่บิดาของตนได้ก่อตั้งขึ้นมาตั้งแต่สมัยที่ยังเป็นเด็ก,seungF bpenM faamM theeF biL daaM khaawngR dtohnM daiF gaawL dtangF kheunF maaM dtangF dtaaeL saL maiR theeF yangM bpenM dekL,example sentence,...which is the farm founded by his father while [Narinsak] was still a child.
ซึ่งเป็นระยะเวลาที่ผู้ป่วยจะกลับเข้าสู่ภาวะปกติยกเว้นอาการเจ็บบริเวณแผลผ่าตัดในช่วง ๒ วันแรก,seungF bpenM raH yaH waehM laaM theeF phuuF bpuayL jaL glapL khaoF suuL phaaM waH bpaL gaL dtiL yohkH wenH aaM gaanM jepL baawM riH waehnM phlaaeR phaaL dtatL naiM chuaangF saawngR wanM raaekF,example sentence,"This is the time period in which the patient returns to normal, save for any pain in the area around the incision which lasts for the first two days."
ซึ่งเป็นสัตว์โลกชนิดหนึ่งที่รักชีวิตของตนเหมือนกับมนุษย์เท่านั้นเอง,seungF bpenM satL lo:hkF chaH nitH neungL theeF rakH cheeM witH khaawngR dtohnM meuuanR gapL maH nootH thaoF nanH aehngM,example sentence,"[Spiders] are yet another one of earth’s creatures which loves its own life, just like mankind does."
ซึ่งพื้นที่โครงการครอบคลุมแค่ครึ่งเกาะ คือตั้งแต่สะพานสารสินไปจนถึงหาดราไวย์เท่านั้น,seungF pheuunH theeF khro:hngM gaanM khraawpF khloomM khaaeF khreungF gawL kheuuM dtangF dtaaeL saL phaanM saaR raH sinR bpaiM johnM theungR haatL raaM waiM thaoF nanH,example sentence,"The area covered by the project included only half the island, that is, from Sarasin Bridge to Rawai Beach."
ซึ่งภาพรวมที่ผ่านมาก็ไม่พบการกระทำผิดแต่อย่างใด,seungF phaapF ruaamM theeF phaanL maaM gaawF maiF phohpH gaanM graL thamM phitL dtaaeL yaangL daiM,example sentence,"All in all, looking back, there has never been a case of misconduct [among the visitors]."
...ซึ่งมันก็เกิดขึ้นกับครอบครัวชนชั้นกลางทั่วไปที่ต้องกัดฟันสู้กันไปแบบปากกัดตีนถีบ ,seungF manM gaawF geertL kheunF gapL khraawpF khruaaM chohnM chanH glaangM thuaaF bpaiM theeF dtawngF gatL fanM suuF ganM bpaiM baaepL bpaakL gatL dteenM theepL,example sentence,...which is not uncommon in most middle class families struggling to make a living.
...ซึ่งมีฐานะเป็นอาชญากรสงคราม จนเกิดกระแสต่อต้านญี่ปุ่นอย่างรุนแรงขึ้นในจีน,seungF meeM thaaR naH bpenM aatL chaH yaaM gaawnM sohngR khraamM johnM geertL graL saaeR dtaawL dtaanF yeeF bpoonL yaangL roonM raaengM kheunF naiM jeenM,example sentence,...who were war criminals. As a result there arose a wave of extremely negative feelings among the Chinese against Japan.
...ซึ่งมีทั้งการตรวจอากาศผิวพื้น การตรวจอากาศชั้นบนในระดับความสูงต่าง ๆ,seungF meeM thangH gaanM dtruaatL aaM gaatL phiuR pheuunH gaanM dtruaatL aaM gaatL chanH bohnM naiM raH dapL khwaamM suungR dtaangL dtaangL,example sentence,...which involve both examinations of surface conditions and observations of atmospheric conditions at various altitudes.
ซึ่งเมื่อก่อนนี้ ก็ตอนนี้ก็ยังทำอยู่ ก็คือจะใช้ลิงนะ ใช้ลิงปีนต้นมะพร้าวนะ,seungF meuuaF gaawnL neeH gaawF dtaawnM neeH gaawF yangM thamM yuuL gaawF kheuuM jaL chaiH lingM naH chaiH lingM bpeenM dtohnF maH phraaoH naH,example sentence,"Previously, and even today, some people use monkeys to climb coconut trees."
ซึ่งรวมถึงแต่ไม่จำกัดเฉพาะ,seungF ruaamM theungR dtaaeL maiF jamM gatL chaL phawH,"adverb, phrase",which includes but is not limited to...
ซึ่งรายละเอียดเนี่ยค่อนข้างน่าสนใจเลยทีเดียวค่ะ,seungF raaiM laH iiatL niiaF khaawnF khaangF naaF sohnR jaiM leeuyM theeM diaaoM khaF,example sentence,The details are pretty interesting.
ซึ่งรู้สึกพิศวง,seungF ruuH seukL phitH saL wohngR,"adjective, phrase",wondering
ซึ่งวิถีชีวิตแบบนี้ผิดกับคนในต่างจังหวัด ที่ความเป็นอยู่จะต้องอาศัยและพึ่งพานักการเมืองอยู่ตลอด,seungF wiH theeR cheeM witH baaepL neeH phitL gapL khohnM naiM dtaangL jangM watL theeF khwaamM bpenM yuuL jaL dtawngF aaM saiR laeH pheungF phaaM nakH gaanM meuuangM yuuL dtaL laawtL,example sentence,"This way of life is, then, very different from that of people in rural areas who always depend on their politicians."
ซึ่งวิธีปีนคือ มือกับเท้าเนี่ยจะต้องเหนียวหนึบ เหนียวแน่นเลยนะคะ,seungF wiH theeM bpeenM kheuuM meuuM gapL thaaoH niiaF jaL dtawngF niaaoR neupL niaaoR naaenF leeuyM naH khaH,example sentence,"That is, in order to climb the trees their hands and feet need to be really tacky and almost adhesive."
ซึ่งส่งผลให้มีความอิ่มหนำสำราญและความสุขที่จะได้รับตลอดทั้งปี,seungF sohngL phohnR haiF meeM khwaamM imL namR samR raanM laeH khwaamM sookL theeF jaL daiF rapH dtaL laawtL thangH bpeeM,example sentence,"[A good harvest] will result in [the farmers] being satiated and happy for the entire 
year."
ซึ่งสิ่งที่เราเองทำการแก้ไขคือการทำไม่ให้ตัวแบบเรานั้นหน้าดำซึ่งวิธีแก้นั้นจะมีอยู่ ๓ วิธีด้วยกันได้แก่,seungF singL theeF raoM aehngM thamM gaanM gaaeF khaiR kheuuM gaanM thamM maiF haiF dtuaaM baaepL raoM nanH naaF damM seungF wiH theeM gaaeF nanH jaL meeM yuuL saamR wiH theeM duayF ganM daiF gaaeL,example sentence,We ourselves do three things to solve the problem of a having a model’s face dark [when shooting against the light]:
ซึ่งหน้า,seungF naaF,adverb,face to face; openly; directly; straight
ซึ่ง ๆ หน้า,seungF naaF,adverb,face-to-face
ซึ่งหมุนเวียนอยู่,seungF moonR wiianM yuuL,"adjective, phrase",[Thai definition of something] which is revolving
,,,
ซึ่งหลาย ๆ ครั้งก็เกิดอันตรายบ่อยครั้ง,seungF laaiR laaiR khrangH gaawF geertL anM dtaL raaiM baawyL khrangH,example sentence,Many times using this technique would be dangerous.
...ซึ่งเหล่านี้ล้วนเป็นปัจจัยที่ควบคุมไม่ได้ จึงเป็นเหตุทำให้มีการคิดค้นหาหนทางแก้ปัญหา,seungF laoL neeH luaanH bpenM bpatL jaiM theeF khuaapF khoomM maiF daiF jeungM bpenM haehtL thamM haiF meeM gaanM khitH khohnH haaR hohnR thaangM gaaeF bpanM haaR,example sentence,"all of which are uncontrollable. Thus, these factors cause there to be a lot of thinking to create a solution to the problem [of a single production run per year]."
ซึ่งอนุรักษ์ไว้ ,seungF aL nooH rakH waiH,adjective,[is] conservative
ซึ้ง,seungH,"verb, intransitive",to appreciate; to be deeply impressed
adjective,[is] deep; profound; abstruse,,
adjective,[is] impressive,,
adjective,[is] remote; distant,,
adjective,[ซึ้งใจ] [is] impressed; touched,,
ซึ้งใจ,seungH jaiM,adjective,[ซึ้งใจ] [is] impressed; touched
ซึม,seumM,"verb, intransitive",to slowly drip out; to leak; to ooze; to seep (through or in)
,to permeate; to absorb; to soak (up),,
adjective,[is] drowsy; sleepy; dazed,,
ซึมเข้า ,seumM khaoF,verb,seep in; seep into
ซึมซับ,seumM sapH,verb,to absorb
ซึมซาบ,seumM saapF,verb,to absorb; penetrate; suffuse; permeate
ซึมซาบ,seumM saapF,verb,to touch; influence; affect; impress
ซึมเซา,seumM saoM,adjective,[is] drowsy; dull; be inactive
ซึมทราบ,seumM saapF,"verb, transitive, figurative",to empathize; to (come to) understand fully and in detail
ซึมเศร้า ,seumM saoF,"adjective, phrase",[is] depressed; depressing; bleak; disheartening; dismal; dispiriting; gloomy; sad; saddened
ซึมออก ,seumM aawkL,verb,to leak
ซึมกระทือ,seumM graL theuuM,adverb,dumbly; passively; listlessly
ซึมกะทือ,seumM gaL theuuM,,[alternate spelling of ซึมกระทือ]
ซื่อ ,seuuF,adjective,[is] faithful; loyal; honest
adjective,erect; upright; straight up,,
noun,[ความซื่อ] faithfulness; honesty; loyalty,,
adjective,[ซื่อ ๆ] straightforward; very honest,,
,[Isaan dialect] ชื่อ ,,
ซื่อกินไม่หมดคดกินไม่นาน,seuuF ginM maiF mohtL khohtH ginM maiF naanM,"example sentence, idiom","Honesty is the best policy."" ""An honest man gets all the help he needs; a dishonest man gets help only once."
ซื่อตรง ,seuuF dtrohngM,adjective,faithful; loyal; honest
ซื่อบื้อ! ,seuuF beuuF,"noun, adjective, phrase, colloquial, vulgar, sarcastic-humorous",[colloquial slang showing disapproval] (being a) twit; twerp; twirp; nincompoop; numbskull; numskull; prat; dunderhead; halfwit; half-witted; imbecile; moron; moronic; annoyingly stupid or foolish
ซื่อ ๆ,seuuF seuuF,adjective,[ซื่อ ๆ] straightforward; very honest
ซื้อ ,seuuH,"verb, transitive, intransitive",to buy or purchase
verb,[ต้องการซื้อ] want to buy,,
verb,[อยากจะซื้อ] will want to buy,,
noun,[กำลังซื้อ] purchasing power,,
verb,[จะซื้อ] will buy,,
verb,[กำลังซื้อ] is buying,,
verb,[ต้องซื้อ] must buy,,
verb,[ควรซื้อ] should buy,,
verb,[ต้องไม่ซื้อ] must not buy,,
verb,[ย่อมจะซื้อ] will inevitably buy,,
adjective,[น่าซื้อ] [is] worth buying,,
ซื้อขนมมา,seuuH khaL nohmR maaM,example sentence,(I've) been buying sweets.
ซื้อของ ,seuuH khaawngR,verb,to shop; to buy things
ซื้อของข้างนอก,seuuH khaawngR khaangF naawkF,verb,to go out shopping
ซื้อขาย ,seuuH khaaiR,"verb, intransitive","to buy and sell, to do business"
ซื้อควายในหนอง,seuuH khwaaiM naiM naawngR,"phrase, idiom","to purchase something sight unseen; to buy ""a pig in a poke"
ซื้อเงินผ่อน ,seuuH ngernM phaawnL,phrase,to pay in installments
ซื้อใจ,seuuH jaiM,verb,to influence someone by giving him money; buy someone's allegiance
ซื้อเชื่อ ,seuuH cheuuaF,"verb, transitive, intransitive",to buy on credit
ซื้อเชื่อแล้วโกง,seuuH cheuuaF laaeoH go:hngM,"verb, phrase",to buy on credit and not pay the the amount due
ซื้อได้,seuuH daiF,verb,purchaseable; can be bought
ซื้อทองดีกว่าเพราะออกตัวได้ง่าย,seuuH thaawngM deeM gwaaL phrawH aawkL dtuaaM daiF ngaaiF,example sentence,It is better to buy gold because is it may be more easily pawned for cash.
ซื้อรองเท้าให้แม่ใส่คู่ละ ๔๐๐๐ บาท กลัวแม่จะว่า เลยโกหกว่าคู่ละ ๗๐๐ บาท วันถัดมาแม่โอนเงินมาให้ ๒๑๐๐ บาท บอกว่าเพื่อนฝากซื้ออีก ๓ คู่ กูจะเป็นลม,seuuH raawngM thaaoH haiF maaeF saiL khuuF laH seeL phanM baatL gluaaM maaeF jaL waaF leeuyM go:hM hohkL waaF khuuF laH jetL raawyH baatL wanM thatL maaM maaeF o:hnM ngernM maaM haiF saawngR phanM raawyH baatL baawkL waaF pheuuanF faakL seuuH eekL saamR khuuF guuM jaL bpenM lohmM,example sentence,"I bought my mother a pair of shoes for 4,000 baht. I was afraid that she would criticize me so I lied to her by telling her than the shoes cost 700 baht. The next day my mother sent me 2,100 baht telling me that her friends asked me to buy them three more pairs. I’m about to pass out! [What am I going to do?!?]."
ซื้อเวลา,seuuH waehM laaM,verb,to buy some time
ซื้อหมวกใหม่ท่าจะง่ายกว่า,seuuH muaakL maiL thaaF jaL ngaaiF gwaaL,example sentence,It’s probably easier to just buy a new hat.
ซื้อหา,seuuH haaR,verb,to buy; purchase
ซื้ออะไร ,seuuH aL raiM,example sentence,What did you buy?
ซื้ออะไรมา,seuuH aL raiM maaM,example sentence,What have you been buying?
ซื้ออะไรมาจากตลาดบ้างจ๊ะ นุช? ไข่ หมู ต้นหอมและหอมใหญ่จ้ะ...ก็พี่เปรยไว้เมื่อวานว่า อยากกินไข่เจียวหมูสับไม่ใช่หรือจ๊ะ? ,seuuH aL raiM maaM jaakL dtaL laatL baangF jaH nootH khaiL muuR dtohnF haawmR laeH haawmR yaiL jaF gaawF pheeF bpreeuyM waiH meuuaF waanM waaF yaakL ginM khaiL jiaaoM muuR sapL maiF chaiF reuuR jaH,example sentence,"[older brother:] ""What did you buy from the market, Nooch?"" [younger sister:] ""Some eggs, pork, scallion and onion... because you mentioned yesterday you'd like to have omelet with minced pork, didn't you?"
ซื้ออะไรไม่เป็นโล้เป็นพาย,seuuH aL raiM maiF bpenM lo:hH bpenM phaaiM,verb,to purchase unimportant things
ซื่อบื้อ,seuuF beuuF,adjective,[is] stupid; idiot
ซื่อบื้อๆ,seuuF beuuF beuuF,,[alternate spelling of ซื่อบื้อ]
ซื่อสัตย์ ,seuuF satL,adjective,[is] faithful; true; sincere; honest
noun,[ความซื่อสัตย์] honesty,,
ซื่อสัตย์สุจริต,seuuF satL sootL jaL ritL,adjective,[is] honest; faithful; true; devoted; upright
ซื่อๆ บื้อๆ,seuuF seuuF beuuF beuuF,,[alternate spelling of ซื่อบื้อ]
ซุก ,sookH,"verb, transitive",to hide; to conceal; to put away
ซุกซ่อน,sookH saawnF,verb,to hide
ซุกปีก,sookH bpeekL,verb,to hide under the wings of; [is] protected by
ซุกหุ้น,sookH hoonF,verb,"to hide stock ownership (by holding the stock in another name, e.g.)"
,,,
ซุกซน ,sookH sohnM,adjective,[is] naughty; mischievous
ซุง ,soongM,noun,a cut tree; log; timber; lumber
noun,[ไม้ซุง] timber,,
ซุน,soonM,,[rhyming word for ซุก ]
ซุบ ,soopH,noun,soup
ซุบซิบ ,soopH sipH,verb,to gossip
noun,[การซุบซิบ] gossip,,
ซุป ,soopH,"noun, colloquial, loanword, English","[Thai transcription of foreign loanword] ""soup"" (as served in Western countries)"
ซุปไก่สกัด,soopH gaiL saL gatL,noun,chicken soup extract
ซุปและสลัด ,soopH laeH saL latL,noun,soup and salad
ซุปเปอร์มาเก็ต,soopH bpuuhrM maaM getL,"noun, loanword, English",supermarket
ซุปเปอร์มาร์เก็ต,soopH bpuuhrM maaM getL,,[alternate spelling of ซูเปอร์มาร์เก็ต]
ซุ่ม,soomF,,to lie in wait for
verb,to be in private,,
ซุ่มเงียบ,soomF ngiiapF,verb,to lie low; remain quiet
ซุ่มยิง,soomF yingM,verb,to shoot from an ambush; ambush
ซุ้ม ,soomH,noun,archway; arbor; arch; opening; entry way; booth
classifier,[Numerical classifier for booths; arbors],,
ซุ้มบังไพร,soomH bangM phraiM,noun,hunter's blind; camoflaged hide used by hunters
ซุ้มประตู  ,soomH bpraL dtuuM,"noun, phrase, formal",porch; window facade; door facade; lintel
ซุ้มประตูหน้าซึ่งติดป้ายชื่อภาพยนตร์ ,soomH bpraL dtuuM naaF seungF dtitL bpaaiF cheuuF phaapF phaH yohnM,noun,cinema marquee
ซุ่มซ่าม ,soomF saamF,"adjective, colloquial",[is] clumsy; blundering
ซุ่มซ่าม แล้วยังงมงายอีกนะ,soomF saamF laaeoH yangM ngohmM ngaaiM eekL naH,example sentence,"Not only is he clumsy, but his is also stupid."
ซุย ,suyM,adjective,[is] unstable; loose; crumbly
verb,to loosen or destabilize,,
ซู ,suuM,proper noun,Sue [an English given name]
ซูจะไปเป็นครูที่กรุงเทพฯ เพื่อหารายได้,suuM jaL bpaiM bpenM khruuM theeF groongM thaehpF pheuuaF haaR raaiM daiF,example sentence,Sue is going to become a teacher to make money in Bangkok.
ซู่,suuF,onomatopoeia,[the sound of rushing water or rain]
verb,"(of water) to splash, slosh, or pour (down)",,
adjective,"[is] (feeling) ""goosepimples"" or ""goose flesh""; [is] (having a) tingling (sensation)",,
"verb, poetic",to drag (something) along,,
ซู่ห้วย,suuF huayF,phrase,a rushing brook; a brook rushes
ซูโครส,suuM khro:htF,noun,sucrose
ซูจี,suuM jeeM,proper noun,Suu-Kyi
ซูชิ,suuM chiH,"noun, loanword, Japanese","[Thai transcription of the foreign loanword] ""寿司"" or ""sushi"
ซูชี,suuM cheeM,"noun, loanword, Japanese",[Thai transcription of foreign loan word] sushi
ซู่ซ่า,suuF saaF,adjective,[is] sexy
ซูซาน,suuM saanM,"proper noun, loanword, English",Susan [an English given name]
ซูซานเปลี่ยนพาสเวิร์ดเฟซบุ๊คใหม่,suuM saanM bpliianL phaatF weertF faehsF bookH maiL,example sentence,Susan changed her Facebook password.
ซูซานน์,suuM saanM,"proper noun, loanword, English",Susanne [an English given name]
ซูซานนาห์,suuM saanM naaM,"proper noun, loanword, English",Susannah [an English given name]
ซูซูกิ,suuM suuM giL,"proper noun, loanword, Japanese",[Thai transcription of foreign name] Suzuki
ซูดซาด,suutF saatF,noun,the sound of sucking one's lips while eating chili
ซูดาน ,suuM daanM,"proper noun, geographical","[ประเทศซูดาน] Sudan, a country in Africa"
ซูบ,suupF,adjective,skinny; thin
ซูบซีด,suupF seetF,adjective,pale and thin
ซูบผอม,suupF phaawmR,adjective,[is] thin; lean; skinny; gaunt; scrawny; emaciated
ซูเปอร์,suuM bpuuhrM,"noun, adjective, loanword, English",[Thai transcription of the foreign loanword] super
ซูเปอร์แมน,suuM bpuuhrM maaenM,"proper noun, person",Superman
ซูเปอร์มาร์เก็ต,suuM bpuuhrM maaM getL,"noun, loanword, English",[Thai transcription of the foreign loanword] supermarket
ซูเปอร์สโตร์,suuM bpuuhrM saL dto:hM,noun,[Thai transcription of foreign word] superstore
ซูม,suumM,"adjective, loanword, English",[Thai transcription of the foreign loanword] zoom
ซูโม่,suuM mo:hF,"noun, adjective, loanword, Japanese",[Thai transcription of the foreign loanword] sumo; sumo wrestling
ซูรินัม ,suuM riH namM,"proper noun, geographical","[ประเทศซูรินัม] Suriname, a country in Africa"
ซูวา ,suuM waaM,"proper noun, geographical","Suva, the capital city of ฟิจิ  (Fiji)"
ซูเอี๋ย,suuM iiaR,"verb, loanword, Chinese",to consent or agree with; to connive with
ซูฮก,suuM hohkH,"adjective, loanword, Chinese",[is] submissive; amenable; tractable
verb,to have respect for,,
เซ,saehM,verb,stagger; reel; totter
,,,
เซซวน,saehM suaanM,adjective,[same as ซวนเซ]
เซถลา,saehM thaL laaR,adjective,[is] tottering; leaning; sagging
เซ็กซ์,sekH,,[alternate spelling of เซ็กส์]
เซ็กซี่,sekH seeF,,[alternate spelling of เซ็กส์ซี่]
เซ็กส์,sekH,"noun, loanword, English",[Thai transcription of the foreign loanword] sex
เซ็กส์หมู่ ,sekH muuL,noun,orgy; group sex
เซ็กส์ซี่,sekH seeF,"adjective, loanword, English","[Thai transcription of the foreign loanword][is] ""sexy"", erotic"
เซ็ง,sengM,"adjective, colloquial",[is] bored
เซ็งเลย,sengM leeuyM,"interjection, example sentence","How tedious!"" ""Damn!"
เซ้ง ,sengH,"verb, transitive",to go out of business; liquidate; transfer for a price
เซ็งแซ่,sengM saaeF,adjective,clamorous; uproarious
เซเชลส์ ,saehM chaehnM,"proper noun, geographical","[ประเทศเซเชลส์] Seychelles, a country in Africa"
เซซิเลีย,saehM siH liiaM,"proper noun, loanword, English",Cecilia [an English given name]
เซด,saehtF,,"[Thai pronunciation of the English letter,] 'Z' [as named in Europe]; zed"
เซดริค,saehtF rikH,"proper noun, loanword, English",Cedric [an English given name]
เซต,setH,"noun, loanword, English",set [as in tennis]
เซต,saehtF,,[alternate pronunciation of เซต]
เซตรวด,setH ruaatF,"noun, colloquial",straight sets [in tennis]
เซ็ต,setH,"verb, loanword, English","[word derived from the English word ""set] to arrange; to set one's mind to"
เซติยัง,saehM dtiL yangM,proper noun,Setiyang [a Thai given name]
เซติอาวัน,saehM dtiL aaM wanM,proper noun,Setiawan [a Thai given name]
เซ็ท ,setH,"noun, loanword, English",[Thai transcription of the foreign loanword] set; (i.e. a hair treatment)
"noun, loanword, English",[Thai transcription of the foreign loanword] set; (i.e. period of sports play),,
classifier,"[numerical classifier for sets in ball games (ping pong, tennis, etc.)]",,
เซธ,saehtF,"proper noun, loanword, English",Seth [an English given name]
เซน,saehnM,loanword,Zen
verb,"to sign (a contract, one's name, etc.)",,
เซ็น,senM,,[alternate spelling of เซน]
เซ็น ,senM,verb,to sign one's name; to make a signature
noun,[shortened form of เซ็นติเมตร ] cm.,,
เซ็นชื่อ,senM cheuuF,"verb, colloquial",[informal] to sign
เซ็นนาม,senM naamM,"verb, transitive, intransitive",to sign one's name
เซ็นสลักหลังเช็ค ,senM saL lakL langR chekH,verb,to endorse a check
เซ็นสัญญา,senM sanR yaaM,verb,to sign a contract
เซ่น ,senF,noun,offerings to the spirits
"verb, transitive","[often used with ghosts and spirits] to make offerings or sacrifice to the spirits, to propritiate the spirits",,
"verb, transitive, colloquial",[slang] to bribe (a person),,
เซ็นเซอร์ ,senM suuhrM,"adjective, loanword, English",[Thai transcription of the foreign loanword] censor; to censor
noun,[Thai transcription of the foreign loanword] sensor (as in a digital camera),,
เซนต์ ,saehnM,"noun, loanword, English",[Thai transcription of the foreign loanword] Saint
เซนต์พอล ,saehnM phaawnM,"proper noun, geographical","St. Paul, the capital city of มินเนสโซต้า (Minnesota)"
เซ็นต์,senM,"noun, loanword, English",[Thai transcription of the foreign loanword] cent
,[ลายเซ็นต์] [common misspelling of ลายเซ็น],,
เซ็นต์,senM,,[alternate spelling of เซนต์ ]
เซนต์จอร์เจส ,saehnM jaawM jaehtL,"proper noun, geographical","Saint George's, St. George's, the capital city of เกรนาดา  (Grenada)"
เซ็นต์ยอร์ช,senM yaawchF,,[alternate spelling of เซนต์จอร์เจส ]
เซนต์เฮเลียร์ ,saehnM haehM liiaM,"proper noun, geographical","St. Helier, a city on Jersey Island"
เซนติ ,saehnM dtiL,,centi-
เซนติกรัม,saehnM dtiL gramM,,[alternate spelling of เซ็นติกรัม]
เซ็นติกรัม,senM dtiL gramM,"noun, loanword, English",[Thai transcription of the foreign loanword] centigram
เซนติเกรด,saehnM dtiL graehtL,,[alternate spelling of เซ็นติเกรด ]
เซ็นติเกรด ,senM dtiL graehtL,"noun, loanword, English",[Thai transcription of the foreign loanword] centigrade
เซนติเมตร,saehnM dtiL maehtF,,[alternate spelling of เซ็นติเมตร ]
เซ็นติเมตร ,senM dtiL maehtF,"noun, loanword, English",[Thai transcription of the foreign loanword] centimeter
เซนติลิตร,saehnM dtiL litH,,[alternate spelling of เซ็นติลิตร]
เซ็นติลิตร,senM dtiL litH,"noun, loanword, English",[Thai transcription of the foreign loanword] centiliter
เซนเตอร์,saehnM dtuuhrM,,[alternate spelling of เซ็นเตอร์ ]
เซ็นเตอร์ ,senM dtuuhrM,"noun, loanword, English",[Thai transcription of the foreign loanword] center
,,,
เซ็นทรัล,senM thranM,adjective,[Thai transcription of the foreign loanword] Central; one of a number of shopping centers and department stores located throughout Thailand
เซ็นทรัลเวิลด์พลาซ่า,senM thranM weernM phlaaM saaF,proper noun,"Central World Plaza, a large shopping center in Bangkok (formerly ""World Trade Center"" — เวิลด์เทรดเซ็นเตอร์)"
เซเนกอล,saehM naehM gaawnM,,[alternate spelling of เซเนกัล ]
เซเนกัล ,saehM naehM ganM,"proper noun, geographical","[ประเทศเซเนกัล] Senegal, a country in Africa"
เซเนกา,saehM naehM gaaM,"proper noun, geographical, loanword, Greek",Seneca
เซบาสเตียน,saehM baatL dtiianM,"proper noun, loanword, English",Sebastian [an English given name]
เซปัก,saehM bpakL,"noun, loanword","sepak, the Malaysian name of the game Takraw"
เซปักตะกร้อ ,saehM bpakL dtaL graawF,proper noun,"sepak takraw, the official name of the game takraw"
เซฟ ,sefH,"noun, loanword, English",[Thai transcription of foreign loanword] safe
verb,"[Thai transcription of the foreign loanword] to ""save",,
เซฟข้อความ,sefH khaawF khwaamM,verb,to save a message (in an email or tweet)
เซฟแอส,saehfF aaetL,verb,[Thai transcription of foreign loan word] Save As
เซฟเฮ้าส์,saehfF haaoH,"noun, loanword",[Thai transcription of English word] safehouse
เซมัง,saehM mangM,proper noun,"Semang, an ethnic minority people of the Malay peninsula"
เซรามิก,saehM raaM mikH,"noun, adjective",[Thai transcription of foreign loanword] ceramic
เซรามิค,saehM raaM mikH,"loanword, English",[Thai transcription of the foreign loanword] ceramic
เซริล,saehM rinM,"proper noun, loanword, English",Cyril [an English given name]
เซเรย,saehM reeuyM,"noun, Italian",[Thai transcription of name] Serie
เซเรย อา,saehM reeuyM aaM,,"Serie A, the top Italian soccer league"
เซเรีย อา,saehM riiaM aaM,proper noun,[Thai transcription of foreign loanword] Serie A
เซล,saehnM,,[alternate spelling of เซลล์]
เซลเซียส ,saehnM siiatF,"noun, loanword, English",[Thai transcription of the foreign loanword] Celsius
เซลฟี่,saehnM feeF,"noun, loanword, English",[Thai transcription of foreign loan word] selfie
เซลล์,saehnM,"noun, loanword, English",[Thai transcription of the foreign loanword] cell
เซลล์ชีววิทยา ,saehnM cheeM waH witH thaH yaaM,"noun, phrase, formal",Cell biology
เซลล์ต้นกำเนิด,saehnM dtohnF gamM neertL,noun,stem cell
เซลล์รับภาพ,saehnM rapH phaapF,noun,image sensor (e.g. in a digital camera)
เซลล์ร่างกาย,saehnM raangF gaaiM,noun,somatic cells
เซลล์สมอง ,saehnM saL maawngR,noun,brain cell
เซลล์สมองเรานั้น สามารถมีชีวิตอยู่ได้เพียงแค่ห้า นาที โดยไม่มีเลือดไหลเวียนมาเลี้ยง ,saehnM saL maawngR raoM nanH saaR maatF meeM cheeM witH yuuL daiF phiiangM khaaeF haaF naaM theeM dooyM maiF meeM leuuatF laiR wiianM maaM liiangH,"example sentence, formal",The cells of the brain can live only minutes without circulating blood.
เซลลูโลส,saehnM luuM lo:htF,"noun, loanword, English",[Thai transcription of the foreign loanword] cellulose
เซลส์แมน,saehnM maaenM,"noun, loanword, English",[Thai transcription of the foreign loanword] salesman
เซลส์แมนพยายามยัดเยียดใส่หูเขาตลอดเวลาถึงความดีของสินค้า,saehnM maaenM phaH yaaM yaamM yatH yiiatF saiL huuR khaoR dtaL laawtL waehM laaM theungR khwaamM deeM khaawngR sinR khaaH,example sentence,The salesman tried to forced them to constantly listen to [their pitch] about how good his products are.
เซลีน,saehM leenM,"proper noun, loanword, English",Céline [an English given name]
เซเลเนียม,saehM laehM niiamM,"noun, loanword, English","[chemistry] Selenium, Se, atomic number 34"
เซเลอร์,saehM luuhrM,"noun, loanword, English",[Thai transcription of the foreign loanword] sailor
เซเลอร์มูน  ,saehM luuhrM muunM,"proper noun, loanword, English",Sailor Moon
เซเลอรี่,saehM luuhrM reeF,"noun, loanword, English",[ผักเซเลอรี่] [Thai transcription of the foreign loanword] celery
เซเว่น,saehM wenF,"loanword, English",[Thai transcription of the foreign loanword] seven
proper noun,"[เซเว่นฯ] [Shortened form of Thai transcription for ""Seven Eleven]",,
เซเว่นอัพ ,saehM wenF apL,"proper noun, loanword, English",7-Up®
เซเว่นฯ,saehM wenF,proper noun,"[เซเว่นฯ] [Shortened form of Thai transcription for ""Seven Eleven]"
เซเว่นอีเลฟเว่น,saehM wenF eeM laehfF wenF,proper noun,[Thai transcription of foreign word] Seven Eleven
เซ่อ ,suuhrF,adjective,[is] stupid; foolish; gullible; uncouth; silly
เซ่อซ่า,suuhrF saaF,adjective,[is] stupid; clumsy
เซอร์,suuhrM,"loanword, English",[Thai transcription of the foreign loanword] sir; Sir
เซอร์เคิล,suuhrM kheernM,"noun, loanword, English",[Thai transcription of the foreign loanword] circle
เซอร์จิโอ,suuhrM jiL o:hM,"proper noun, loanword, English",Sergio [a Spanish given name]
เซอร์ทราลีน,suuhrtF raaM leenM,"formal, loanword, English",[Thai transcription of the foreign loanword] sertraline
เซอร์ทราลีน ไฮโดรคลอไรด์ ,suuhrtF raaM leenM haiM dro:hM khlaawM raiM,"noun, phrase, formal, loanword, English","[Thai transcription of the foreign loanword, ""sertraline hydrochloride""] (Zoloft®) โซลอฟต์"
เซอร์เบีย ,suuhrM biiaM,"proper noun, geographical","Serbia, a country in Europe"
เซอร์เพนไทม์,suuhrM phaehnM thaiM,"adjective, loanword, English",[Thai transcription of foreign loanword] serpentine
,,,
เซอร์ไพร์ส,suuhrM phraiM,"noun, verb",[Thai transcription of the foreign loanword] surprise
เซอร์เวอร์,suuhrM wuuhrM,,[IT] server (computer) [see notes]
เซอะ,suhH,adjective,[is] very stupid or silly
เซอูล ,saehM uunM,,[alternate spelling of โซล ]
เซา,saoM,"verb, intransitive, loanword, Lao",[Isaan dialect] to stop; to cease; to abate
adverb,sleepily; drowsily; torpidly; sluggishly,,
adjective,[ขี้เซา] halfsleep; sleepy; sluggish; torpid,,
เซ้าซี้,saaoH seeH,,to beseech; entreat; implore; supplicate; solicit; pester
เซานา,saoM naaM,,[alternate spelling of ซาวน่า]
เซาน่า,saoM naaF,"noun, proper noun, loanword, English",[Thai transcription of the foreign loanword] sauna
เซาะ,sawH,verb,to erode; to gouge out; to chisel away; to undermine
เซาะ,sawH,noun,[การเซาะ] erosion
เซาะ,sawH,noun,[กวย (Suay) language] hair
เซาะหมัด,sawH matL,noun,[กวย (Suay) language] eyelash
เซิ้ง,seerngH,"verb, intransitive",[รำเซิ้ง] to dance [Northeastern style]
noun,Northeastern style dance,,
เซิฟ,seerfF,"verb, transitive, loanword, English",[Thai transcription of the foreign loanword] serve; to serve
เซิร์จ,seertF,"noun, loanword, English",[Thai transcription of English] surge; storm surge
เซิร์ช,seertF,verb,[Thai transcription of foreign loanword] to search; to search using an internet search engine
เซิร์ฟเวอร์,seerfF wuuhrM,"noun, loanword, English",[Thai transcription of the foreign loanword] server
เซี่ยงไฮ้,siiangF haiH,"proper noun, geographical",Shanghai
เซียน,siianM,noun,great master; expert
เซียน,siianM,noun,immortal of Chinese stories; wizard
เซียมซี,siiamM seeM,noun,fortune sticks used at a shrine or temple
เซียร์ราลีโอน ,siiaM raaM leeM o:hnM,"proper noun, geographical","[ประเทศเซียร์ราลีโอน] Sierra Leone, a country in Africa"
เซียว ,siaaoM,adjective,pale; sickly
เซี้ยว,siaaoH,"adjective, colloquial",[is] crazy; unhinged
เซื่อง,seuuangF,"adjective, adverb",[is] slow; sluggish; unknowing; unwitting; lifeless
เซื่องซึม,seuuangF seumM,adjective,[is] sleepy
แซ่ ,saaeF,adjective,noisy; clamorous; boisterious
แซ่ ,saaeF,noun,clan; tribe; lineage; surname; family name
แซ่ซ้อง,saaeF saawngH,verb,to laud; praise
แซก,saaekF,,[euphonious suffix]
แซ็กคาริน,saekH khaaM rinM,"noun, loanword, English",[Thai transcription of the foreign loanword] saccharin
แซกซัน,saaekF sanM,"noun, loanword, English",[Thai transcription of the foreign loanword] saxon
แซกโซโฟน,saaekF so:hM fo:hnM,,[alternate spelling of แซ็กโซโฟน]
แซ็กโซโฟน,saekH so:hM fo:hnM,"noun, loanword, English",[Thai transcription of the foreign loanword] saxophone
แซ็ค,saekH,"proper noun, loanword, English",Zach [an English given name]
แซ็คคารี่,saekH khaaM reeF,"proper noun, loanword, English",Zachary [an English given name]
แซคราเมนโต,saaekF raaM maehnM dto:hM,,[alternate spelling of ซาคราเมนโต ]
แซคารี,saaeM khaaM reeM,"proper noun, person",Zachary [an English given name]
แซคารี เทย์เลอร์,saaeM khaaM reeM thaehM luuhrM,"proper noun, person",Zachary Taylor
แซง ,saaengM,verb,to overtake; to pass (in a vehicle)
แซงคิว,saaengM khiuM,verb,to cut into a line; queqe jump
แซงแบบไปแล้วไปลับเลยนะครับ,saaengM baaepL bpaiM laaeoH bpaiM lapH leeuyM naH khrapH,example sentence,They pass us by then they disappear.
แซงหน้า,saaengM naaF,"verb, phrase",to jump ahead; overtake; pass
แซ้ง,saaengH,verb,to pickpocket; pilfer; filch
noun,[นักแซ้ง] pickpocket,,
แซงต์เดอนีส์ ,saaengM duuhrM neeM,"proper noun, geographical","St. Denis, the capital city of the Department of Réunion, an island-nation off the east coast of Africa"
แซนดร้า,saaenM draaF,"proper noun, loanword, English",Sandra [an English given name]
แซนด์วิช ,saaenM witH,"loanword, English",[Thai transcription of the foreign loanword] sandwich
แซนด์วิชขนาดใหญ่ ,saaenM witH khaL naatL yaiL,noun,"submarine sandwich; ""hero"" sandwich"
แซนด์วิชเนื้อย่าง ,saaenM witH neuuaH yaangF,noun,roast beef sandwich
แซนดี้,saaenM deeF,"proper noun, loanword, English",Sandy [an English given name]
แซนเดอร์,saaenM duuhrM,"proper noun, loanword, English",Xander [an English given name]
แซบ ,saaepF,"adjective, colloquial",[Isaan dialect] [is] delicious; tasty; savory; palatable; อร่อย
"adjective, colloquial",[is] awesome; amazing; wonderful,,
แซ่บ ,saaepF,,[alternate spelling of แซบ ]
แซ่บหลาย ๆ,saaepF laaiR laaiR,example sentence,"[Isaan dialect] ""Very delicious!"" — อร่อยมาก"
แซ่บอีหลี,saaepF eeM leeR,adjective,[is] really delicious
แซม,saaemM,verb,interpolate; insert
"proper noun, person, colloquial, loanword, English",Sam [an English given name],,
verb,[ผสมแซม] to add in; combine; mix,,
แซมบา,saaemM baaM,"noun, loanword","samba, Brazilian dance music"
แซมเบีย ,saaemM biiaM,"proper noun, geographical","[ประเทศแซมเบีย] Zambia, a country in Africa"
แซมมวล,saaemM muaanM,,[alternate spelling of ซามูเอล]
แซมมี่,saaemM meeF,"noun, proper noun, person, colloquial, loanword, English",Sammy [an English given name]
แซมมูเอล,saaemM muuM aehnM,,[alternate spelling of ซามูเอล]
แซยิด,saaeM yitH,"noun, loanword, Chinese",one's sixtieth birthday
แซลมอน,saaenM maawnM,noun,[Thai transcription for foreign loanword] salmon
แซลลี่,saaenM leeF,"proper noun, loanword, English",Sally [an English given name]
แซว,saaeoM,"verb, transitive, intransitive, colloquial","[all used in a verbal aspect] to pull someone's leg; to kid or be kidding; to tease; to taunt; to make fun of; to mock; to hoax; to jest, (to say something) in jest; to joke"
แซะ,saeH,"verb, transitive","to shovel, spade, lift or move with a shovel"
โซ,so:hM,adjective,poor; penniless; destitute; beggarly; indigent
"noun, colloquial, loanword, English",[Thai transcription of the foreign loanword] so-; [short for] society,,
โซ่ ,so:hF,noun,chain; motorcycle chain
noun,[โซ่ขับ] drive chain,,
โซ่การผลิต,so:hF gaanM phaL litL,"noun, phrase",supply chain
โซ่ขับ,so:hF khapL,noun,[โซ่ขับ] drive chain
โซ่ตรวน,so:hF dtruaanM,noun,fetters; irons
โซ่ทองคลังใจ,so:hF thaawngM khlangM jaiM,"noun, phrase",a child (within a marriage); someone to keep the couple together
โซก,so:hkF,"verb, loanword, English",[Thai transcription of the foreign loanword] soak; to soak or wet
โซ่ง ,so:hngF,noun,[a particular] Thai ethnic minority group
โซเชี่ยนเน็ตเวิร์ค,so:hM chiianF netH weerkF,noun,[Thai transcription of foreign loanword] social network
โซเชี่ยลมีเดีย,so:hM chiianF meeM diiaM,"noun, loanword, English",[Thai transcription of foreign loanword] social media
โซซัดโซเซ,so:hM satH so:hM saehM,verb,to roam around destitude; wander in poverty
โซเซ ,so:hM saehM,verb,[เดินโซเซ] to stagger; sway; totter (walking)
โซดา,so:hM daaM,"noun, loanword, English",[Thai transcription of the foreign loanword] soda
noun,"sodium bicarbonate, baking soda, NaHCO3",,
โซดาไฟ ,so:hM daaM faiM,noun,sodium hydroxide — NaOH; lye
โซดาไลม์,so:hM daaM laiM,"noun, loanword, English","[Thai transcription of the foreign loanword, ""soda lime""]"
โซเดียม,so:hM diiamM,"noun, loanword, English","[chemistry] Sodium, Na, atomic number 11"
โซเดียมคลอไรด์,so:hM diiamM khlaawM raiM,"noun, loanword, English","sodium chloride, salt, NaCl"
โซเดียมคาร์บอเหนต ,so:hM diiamM khaaM baawM naehtL,"noun, loanword, English",sodium carbonate — Na2CO3
โซเดียมไนเตรต,so:hM diiamM naiM dtraehtL,"noun, loanword, English",sodium nitrate
โซเดียมไนไตรต์,so:hM diiamM naiM dtraiM,"noun, loanword, English",sodium nitrite
โซเดียมไฮดรอกไซด์,so:hM diiamM haiM daawnM ohkL saiM,"noun, loanword, English","sodium hydroxide, NaOH, lye"
โซเทอร์บี้,so:hM thuuhrM beeF,"proper noun, loanword, English",[Thai transcription of the foreign loanword] Sotheby's
โซน,so:hnM,"noun, English",[Thai transcription of foreign loanword] zone
โซฟา ,so:hM faaM,"noun, loanword, English",[Thai transcription of the foreign loanword] sofa; couch
โซฟานั่งคู่ ,so:hM faaM nangF khuuF,noun,love seat
โซฟี,so:hM feeM,"proper noun, loanword, English",Sophie [an English given name]
โซเฟีย ,so:hM fiiaM,"proper noun, geographical","Sofia, the capital city of บัลแกเรีย  (Bulgaria)"
"proper noun, loanword, English",Sophia [an English given name],,
โซม ,so:hmM,adjective,[is] soaking wet
verb,to wet or soak thoroughly,,
โซมาเลีย ,so:hM maaM liiaM,"proper noun, geographical","[ประเทศโซมาเลีย] Somalia, a country in Africa"
โซรม ,so:hmM,"verb, transitive",to team up; to join forces
verb,gang rape,,
โซล ,so:hnM,"proper noun, geographical","Seoul, the capital city of เกาหลีใต้ (South Korea)"
โซลอฟต์,so:hM laawfF,"noun, proper noun, formal, loanword, English","[Thai transcription of the foreign loanword] ""Zoloft"" — เซอร์ทราลีน ไฮโดรคลอไรด์ (sertraline hydrochloride)"
โซลา,so:hM laaM,,[alternate spelling of โซล่า]
โซล่า,so:hM laaF,"noun, loanword, English",[Thai transcription of foreign loanword] solar
โซลาร์เซลล์,so:hM laaM saehnM,"noun, loanword, English",solar cells
โซเวียต,so:hM wiiatF,"proper noun, loanword, English",[Thai transcription of the foreign loanword] Soviet
โซอี้,so:hM eeF,"proper noun, loanword, English",Zoe [an English given name]
ใซม่อน,saiM maawnF,,[alternate spelling of ไซมอน ]
,,,
ไซ,saiM,noun,a [type of] bamboo fish trap
ไซ้,saiH,verb,to preen
ไซเกิล,saiM geernM,"loanword, English",[Thai transcription of the foreign loanword] cycle; cycle
ไซโกมาตา,saiM go:hM maaM dtaaM,"noun, loanword, English",[Thai transcription of the foreign loanword] zygomata
ไซโคลน,saiM khlo:hnM,noun,[Thai transcription of the foreign loanword] cyclone
ไซ่ง่อน ,saiF ngaawnF,"proper noun, geographical","Saigon, the former name of Ho Chi Minh City, a city in Vietnam"
ไซซ์,saiM,"noun, loanword, English",[Thai transcription of the foreign loanword] size
ไซด์,saiM,"noun, loanword, English",[Thai transcription of the foreign loanword] side
ไซด์ไลน์,saiM laiM,"adjective, loanword, English","[Thai transcription of the foreign loanword, ""sideline"" or ""side line""] describing a young Thai person, sometimes educated and middle-class, offering companionship on a part-time basis during a period of being unemployed; if working through a bar, they do not dance on the stage"
ไซต์,saiM,"noun, loanword, English",[Thai transcription of the foreign loanword] site
ไซท์,saiM,,[alternate spelling of ไซต์]
ไซน์,saiM,"noun, loanword, English",[Thai transcription of the foreign loanword] sine
ไซบีเรีย,saiM beeM riiaM,"proper noun, geographical",Siberia
ไซปรัส ,saiM bpratL,"proper noun, geographical","[ประเทศไซปรัส] Cyprus, a country in the Middle East"
ไซเปรส,saiM bpraehtL,"noun, adjective",[general] cypress
noun,[ต้นไซเปรส] cypress tree,,
ไซไฟ,saiM faiM,"noun, loanword, English",[Thai transcription of foreign loan word] SciFi; science fiction
ไซมอน ,saiM maawnM,"proper noun, person, loanword, English",Simon [an English given name]
ไซยาไนด์,saiM yaaM naiM,"noun, loanword, English",cyanide
ไซยาไนต์,saiM yaaM naiM,noun,"[chemistry] Cyanide, CN"
ไซร้,saiH,particle,[a particle used at the end of a conditional clause for emphasis or rhetoric effect] certainly
ไซโล,saiM lo:hM,"noun, loanword, English",[Thai transcription of the foreign loanword] silo
