﻿word,spell,type,meaning
ภ.,phuuM thaawnM,"noun, abbreviation",[abbreviation for ภูธร]
ภ.ง.ด.,phaaM seeR ngernM daiF,"noun, abbreviation",[abbreviation for ภาษีเงินได้] income tax
ภ.พ.,phaaM seeR muunM khaaF pheermF,"noun, abbreviation",[abbreviation for ภาษีมูลค่าเพิ่ม] VAT
ภก.,phuuM getL,"proper noun, abbreviation",[abbreviation for ภูเก็ต ] PKT
ภควัทคีตา,phohkH khaH watH kheeM dtaaM,"proper noun, loanword, Sanskrit",Bhagavad Gita
ภควันต์,phaH khaH wanM,proper noun,Buddha; lord Buddha
ภคินี ,phaH khiH neeM,"noun, poetic",sister (older or younger)
ภท.,phaawM thaawM,"noun, abbreviation",[abbreviation for พรรคภูมิใจไทย]; BJT; PTP
ภพ ,phohpH,noun,world; the world
ภพ ,phohpH,"noun, formal, loanword, Pali",birth; existence; being; origin; birth; life
ภพ ,phohpH,"noun, formal, poetic",[พระทรงภพ] [synonym for] the king
ภพชาติข้างหน้า,phohpH chaatF khaangF naaF,noun,the next life; afterlife
ภพชาติหน้า,phohpH chaatF naaF,noun,[ภพชาติหน้า] the afterlife; reincarnated life
ภพนี้,phohpH neeH,noun,the present world
ภพหน้า,phohpH naaF,noun,the next world; the hereafter; the afterlife
ภมร,phaH maawnM,noun,bee
ภมริน,phaH maH rinM,noun,bee
ภมรี,phohmM maH reeM,noun,bee; female bee; queen bee
ภมุ,phaH mooH,noun,eyebrow
ภยันตราย,phaH yanM dtaL raaiM,"noun, loanword, Pali",danger risk; harm; dreadful harm
ภยาคติ,phaH yaaM khaH dtiL,,bias arising out of fear
ภร,phaH raH,,to support; feed; bring up; raise
ภรณ์พรรณ,phohnM phanM,proper noun,Phonphan [a woman's name] (one who has a fine complexion)
ภรณ์พรรณ,phohnM phanM,noun,a [certain type of] fine fabric
ภรณ์พันธ์,phohnM phanM,proper noun,"Phonphan [a woman's name] (one who is fascinated with clothes, dresses, ornaments, or accessories)"
ภรณ์พันธุ์,phohnM phanM,proper noun,Phonphan [a woman's name] (one who was born to a dressmaking family)
ภรต,phaH rohtH,,dancer; actor
ภรตวรรษ,phaH ratH dtaL watH,,India
ภรตศาสตร์,phaH rohtH dtaL saatL,,science of dancing and singing
ภรรดร,phanM daawnM,noun,a husband
ภรรดา,phanM daaM,noun,a husband
ภรรยา ,phanM raH yaaM,noun,wife
ภรรยา,phanM yaaM,,[alternate pronunciation of ภรรยา ]
ภรรยาเก่า,phanM raH yaaM gaoL,noun,ex-wife
ภรรยาของเขากระแนะกระแหนเขาอยู่ตลอดเวลา,phanM raH yaaM khaawngR khaoR graL naeH graL naaeR khaoR yuuL dtaL laawtL waehM laaM,example sentence,"""His wife always ridicules him."""
ภรรยาของตนว่าควรปลูกศาลเพียงตาทำพิธีบวงสรวงเทพยดาเพื่อขอทายาทไว้สืบสกุล,phanM raH yaaM khaawngR dtohnM waaF khuaanM bpluukL saanR phiiangM dtaaM thamM phiH theeM buaangM suaangR thaehpF phaH yaH daaM pheuuaF khaawR thaaM yaatF waiH seuupL saL goonM,example sentence,"""His wife said that they should build a temporary shrine [and] perform a ceremony of offerings to the spirits in order to beseech them for decedents to carry on their name."""
ภรรยาของผม,phanM raH yaaM khaawngR phohmR,noun,my wife
ภรรยาของผมทำกับข้าวไม่เป็น ทำงานบ้านก็ไม่เป็น เธอมักจะทิ้งผ้ากองพะเนินไว้หน้าห้องน้ำ,phanM raH yaaM khaawngR phohmR thamM gapL khaaoF maiF bpenM thamM ngaanM baanF gaawF maiF bpenM thuuhrM makH jaL thingH phaaF gaawngM phaH neernM waiH naaF haawngF naamH,example sentence,"""My wife can’t cook; she can’t do housework. She just throws [her] clothes into a pile in front of the bathroom."""
ภรรยาของผมอย่างน้อยผมสามารถจะเลี้ยงดูแลหล่อนได้ดีพอ,phanM raH yaaM khaawngR phohmR yaangL naawyH phohmR saaR maatF jaL liiangH duuM laaeM laawnL daiF deeM phaawM,example sentence,"""I’m at least able to support my wife well enough."""
ภรรยาต้องน้ำตาตกในเพราะได้สามีที่เจ้าชู้,phanM raH yaaM dtawngF namH dtaaM dtohkL naiM phrawH daiF saaR meeM theeF jaoF chuuH,example sentence,"""The wife is tormented because her husband is a philanderer."""
ภรรยาที่เขาไม่ได้วี่แววข่าวคราวอะไรเลย ตลอดยี่สิบกว่าปีที่ผ่านมา ,phanM raH yaaM theeF khaoR maiF daiF weeF waaeoM khaaoL khraaoM aL raiM leeuyM dtaL laawtL yeeF sipL gwaaL bpeeM theeF phaanL maaM,"noun, phrase, colloquial",a wife he hadn't seen hide nor hair of in over 20 years
ภรรยานอกสมรส,phanM raH yaaM naawkF sohmR rohtH,noun,illegal wife; concubine; second wife; minor wife
ภรรยามีหน้าที่ห้าประการ,phanM raH yaaM meeM naaF theeF haaF bpraL gaanM,example sentence,"""The wife has five duties:"""
ภรรยาไม่ควรก้าวก่ายงานของสามี,phanM raH yaaM maiF khuaanM gaaoF gaaiL ngaanM khaawngR saaR meeM,example sentence,"""A wife should not interfere with her husband's business."""
ภราดร,phaH raaM daawnM,noun,elder or younger brother
ภราดร,phaH raaM daL raH,,[alternate pronunciation of ภราดร]
ภราดรภาพ,phaH raaM daL raH phaapF,noun,brotherhood; fraternity
ภราดา,phaH raaM daaM,noun,brother (figuratively)
ภริยา ,phaH riH yaaM,noun,wife; wife of a high-ranking government official
ภรู,phruuM,,eyebrow
ภว,phaH waH,"Pali, Sanskrit",birth; existence; being
ภววิสัย ,phaH waH wiH saiR,noun,objective criteria
ภวังค์,phaH wangM,noun,"(properly) the limbo between conception and birth, unconciousness,the subconscious; (popularly) daydream, reverie, chimera, trance"
ภอ ,phaawM,,[pronunciation of the 32nd letter of the Thai alphabet]
ภักดี,phakH deeM,"adjective, verb, transitive, intransitive",[is] loyal to (one's chief); to have faith
noun,loyalty; faith; respect; allegiance; honesty,,
ภักษ์ ,phakH,verb,to eat; to consume food
ภักษการ,phakH saL gaanM,,cook; food-maker; chef
ภักษา,phakH saaR,noun,prey; victim; food
ภักษาหาร,phakH saaR haanR,noun,"food; a prey, a victim"
ภัณฑ์ ,phanM,noun,product; goods; wares; utensil; article; object; item; paraphernalia
ภัณฑาคาร,phanM thaaM khaanM,,storehouse; warehouse
ภัณฑาคาริก,phanM daaM khaaM rikH,,keeper of monks' belongings
ภัณฑารักษ์,phanM thaaM rakH,noun,storekeeper; curator
ภัต ,phatH,noun,food
ภัตตา ,phatH dtaaM,noun,food; meal
ภัตตาคาร,phatH dtaaM khaanM,"noun, formal, loanword, Pali",restaurant; dining room
ภัตตาคารอาหารทะเล ,phatH dtaaM khaanM aaM haanR thaH laehM,noun,seafood restaurant
ภัตตาหาร,phatH dtaaM haanR,noun,[holy language used by monks] food; (a monk's) meal
ภัตร,phatH,noun,food; rice
ภัทร,phatH,"adjective, loanword, Pali",magnificent; glorious; auspicious
ภัทรมหาราช,phatH maH haaR raatF,noun,a glorious sovereign
ภัทรบทมาส,phatH thaH raH bohtL thaH maatF,proper noun,the tenth lunar month
ภัย ,phaiM,"noun, loanword, Pali",harm; danger; catastrophe; fear; dread; peril
"noun, loanword, Pali",adventure,,
ภัยกว่า ,phaiM gwaaL,adverb,more dangerous
ภัยก่อการร้าย,phaiM gaawL gaanM raaiH,noun,terrorist threat
ภัยความมั่นคงของชาติ,phaiM khwaamM manF khohngM khaawngR chaatF,noun,a danger to national security
ภัยความมั่นคงต่อชาติ,phaiM khwaamM manF khohngM dtaawL chaatF,"noun, phrase",national security (dangers)
ภัยคุกคาม,phaiM khookH khaamM,noun,a threatening danger; a dangerous threat
ภัยคุกคามระดับโลก,phaiM khookH khaamM raH dapL lo:hkF,noun,global threat; world-wide threat
ภัยตามรูปแบบ,phaiM dtaamM ruupF baaepL,noun,conventional threat
ภัยธรรมชาติ,phaiM thamM maH chaatF,noun,natural disaster
ภัยธรรมชาติทำให้เด็กและผู้ใหญ่ผอมมาก ไม่มีเรี่ยวแรง และการทำงานของร่างกายผิดปกติ,phaiM thamM maH chaatF thamM haiF dekL laeH phuuF yaiL phaawmR maakF maiF meeM riaaoF raaengM laeH gaanM thamM ngaanM khaawngR raangF gaaiM phitL bpaL gaL dtiL,example sentence,"""Natural disasters cause both children and adults to lose weight; they lack energy; and their bodies do not function normally."""
ภัยพินาศ,phaiM phiH naatF,noun,disaster; calamity; catastrophe
ภัยแล้ง ,phaiM laaengH,noun,drought
ภัยอันตราย,phaiM anM dtaL raaiM,"noun, phrase, loanword, Pali",harm
ภัยพิบัติ,phaiM phiH batL,,disaster; calamity; catastrophe
ภัยพิบัติทางเศรษฐกิจบุกประชิดถึงปากท้องชาวบ้าน แต่รัฐบาลยังคลุกฝุ่นปัญหาวิกฤตการเมือง,phaiM phiH batL thaangM saehtL thaL gitL bookL bpraL chitH theungR bpaakL thaawngH chaaoM baanF dtaaeL ratH thaL baanM yangM khlookH foonL bpanM haaR wiH gritL gaanM meuuangM,example sentence,"""The economic disaster has an impact on the daily life of the ordinary man, but the government is still stuck in the morass of the problems [arising from the] political crisis."""
ภัสดา,phatH saL daaM,"noun, loanword, Pali",a husband
ภา,phaaM,"noun, Sanskrit",ray of light
ภาค ,phaakF,noun,"section, portion, part [I, II, III, etc., of a movie or novel], region, division, side, segment, share, period, time"
noun,[ภาคเรียน] academic term; semester,,
noun,[abbreviation] academic term; semester,,
classifier,"[numerical classifier for geographical regions, academic terms]",,
ภาคกลาง ,phaakF glaangM,"noun, formal",the central region (of Thailand)
ภาคการศึกษา,phaakF gaanM seukL saaR,noun,Education Region
ภาคการศึกษาปกติ,phaakF gaanM seukL saaR bpaL gaL dtiL,noun,a regular academic semester
ภาคตะวันตก ,phaakF dtaL wanM dtohkL,noun,the western region of Thailand
ภาคตะวันออก ,phaakF dtaL wanM aawkL,proper noun,the eastern region of Thailand
ภาคตะวันออกเฉียงเหนือ ,phaakF dtaL wanM aawkL chiiangR neuuaR,noun,the northeastern region of Thailand
ภาคใต้ ,phaakF dtaaiF,noun,the southern region of Thailand
ภาคทัณฑ์,phaakF thanM,"verb, transitive",[legal] to put on probation; to reprimand for a first offence
ภาคทัณฑ์ปล่อยตัว,phaakF thanM bplaawyL dtuaaM,"verb, phrase",to release on probation
ภาคนิพนธ์,phaakF niH phohnM,noun,term paper
ภาคบังคับ,phaakF bangM khapH,adjective,[is] compulsory
ภาคปฏิบัติ,phaakF bpaL dtiL batL,noun,field training; in a practical sense
ภาคประธาน,phaakF bpraL thaanM,noun,[grammar] subject
ภาคผนวก,phaakF phaL nuaakL,noun,a supplement; an appendix; an addendum
ภาคผู้บริโภค,phaakF phuuF baawM riH pho:hkF,noun,the consumer sector
ภาคพันธสัญญาเดิม,phaakF phanM thaH sanR yaaM deermM,proper noun,Old Testament
ภาคพันธสัญญาใหม่,phaakF phanM thaH sanR yaaM maiL,proper noun,The New Testament
ภาคพื้น ,phaakF pheuunH,adjective,mainland; region; area of ground
ภาคพื้นดิน,phaakF pheuunH dinM,"noun, phrase",land area; ground
ภาคพื้นทวีป,phaakF pheuunH thaH weepF,"noun, phrase",continental land area
ภาคพื้นสมุทร,phaakF pheuunH saL mootL,"noun, phrase",surface of the ocean; marine area
ภาคภูมิ,phaakF phuumM,"adjective, verb, intransitive","[is] proud of, have a sense of pride in, have self-esteem"
ภาครัฐ,phaakF ratH,noun,governmental sector; public sector
ภาครัฐบาล,phaakF ratH thaL baanM,noun,government sector
ภาคเรียน,phaakF riianM,noun,[ภาคเรียน] academic term; semester
ภาควิชาเคหการ,phaakF wiH chaaM khaehM haL gaanM,proper noun,"Department of Housing Development, [Faculty of Architecture, Chulalongkorn University]"
ภาคสนาม,phaakF saL naamR,noun,fieldwork; [in the] field
ภาคแสดง,phaakF saL daaengM,noun,[grammar] predicate
ภาคหน้า,phaakF naaF,noun,the future
ภาคเหนือ ,phaakF neuuaR,noun,the northern region of Thailand
ภาคอีสาน,phaakF eeM saanR,proper noun,the northeast region of Thailand
ภาคอีสานกันดารน้ำในฤดูแล้ง,phaakF eeM saanR ganM daanM naamH naiM reuH duuM laaengH,example sentence,"""The Northeast lacks water during the dry season."""
ภาคอีสานกำลังประสบทุพภิกขภัยอย่างหนัก,phaakF eeM saanR gamM langM bpraL sohpL thoopH phikH khaL phaiM yaangL nakL,example sentence,"""The Northeastern region of Thailand is currently experiencing severe famine."""
ภาคอุตสาหกรรม,phaakF ootL saaR haL gamM,noun,the industrial sector (economics)
ภาคเอกชน,phaakF aehkL gaL chohnM,noun,the private sector
ภาคเอกชนได้ย้ายฐานการผลิตไปยังประเทศที่มีต้นทุนค่าแรงต่ำกว่าไทยอยู่แล้ว,phaakF aehkL gaL chohnM daiF yaaiH thaanR gaanM phaL litL bpaiM yangM bpraL thaehtF theeF meeM dtohnF thoonM khaaF raaengM dtamL gwaaL thaiM yuuL laaeoH,example sentence,"""The private section has already transferred its production base to countries which have labor costs lower than those of Thailand."""
ภาคภูมิใจ ,phaakF phuuM miH jaiM,adjective,[is] proud (feel proud of)
ภาคยานุวัติ,phaakF khaH yaaM nooH watH,noun,accession; a signatory to a multi-lateral or bi-lateral treaty
ภาคเสธ,phaakF saehtL,verb,to make a partial confession; to partly deny and partly accept
ภาคินี,phaaM khiH neeM,"noun, loanword, Pali",a woman participant; a woman associate; a female partner
ภาคิไนย,phaaM khiH naiM,"noun, loanword, Pali",nephew; niece; child of one's older or younger sister
ภาคี,phaaM kheeM,noun,"a participant, a party; an adherent; an associate member"
ภาคีสมาชิก,phaaM kheeM saL maaM chikH,noun,associate member [in an organization]
ภาคีสมาชิกของอนุสัญญาว่าด้วย ลักษณะทางแพ่งในการลักพาเด็กข้ามชาติ,phaaM kheeM saL maaM chikH khaawngR aL nooH sanR yaaM waaF duayF lakH saL naL thaangM phaaengF naiM gaanM lakH phaaM dekL khaamF chaatF,"noun, proper noun",Convention on the Civil Aspects of International Child Abduction
ภาชนะ,phaatF chaH naH,noun,container
ภาชนะดิน,phaatF chaH naH dinM,noun,earthenware; pottery
ภาชนะดินเผา,phaatF chaH naH dinM phaoR,noun,pottery vessel; earthenware pot
ภาชนะที่ใช้ต้มกลั่น,phaatF chaH naH theeF chaiH dtohmF glanL,"noun, phrase",retort
ภาดร,phaaM daawnM,,brother
ภาติยะ,phaaM dtiL yaH,noun,nephew; niece; child of one's older or younger brother
ภานุพัฒน์,phaaM nooH phatH,proper noun,Panupat [a Thai given name]
ภาพ ,phaapF,noun,image; picture; drawing; vision
noun,"existence; state; being; [a suffix corresponding to the English suffix ""-dom""]",,
noun,"a view, a scenic background",,
ภาพ,phaapF phaH,,[alternate pronunciation of ภาพ ]
ภาพขยาย ,phaapF khaL yaaiR,noun,enlargement (of photo)
ภาพของ ,phaapF khaawngR,"noun, phrase, idiom",the sight of...; the vision of; the view of; image
ภาพของแฟนเก่า ที่มาทำเป็นแสร้งบีบน้ำตาตรงหน้านั้น ทำให้เธอรู้สึกอยากอ้วก ,phaapF khaawngR faaenM gaoL theeF maaM thamM bpenM saaengF beepL namH dtaaM dtrohngM naaF nanH thamM haiF thuuhrM ruuH seukL yaakL uaakF,"example sentence, colloquial, sarcastic-humorous","""The sight of her ex-boyfriend attempting to shed crocodile tears in front of her made her sick."""
ภาพเขียน ,phaapF khiianR,noun,painting (picture)
ภาพเขียนครึ่งตัว ,phaapF khiianR khreungF dtuaaM,noun,a portrait showing the upper half of the body
ภาพคน ,phaapF khohnM,noun,portrait
ภาพคนไทยฆ่ากันบนถนน ถูกสื่อต่างประเทศเผยแพร่ไปทั่วโลก,phaapF khohnM thaiM khaaF ganM bohnM thaL nohnR thuukL seuuL dtaangL bpraL thaehtF pheeuyR phraaeF bpaiM thuaaF lo:hkF,example sentence,"""Pictures of Thais killing each other on the streets was broadcast by the news media all around the world."""
ภาพความนึกคิด,phaapF khwaamM neukH khitH,noun,dream
ภาพเคลื่อนไหว,phaapF khleuuanF waiR,noun,motion pictures; moving pictures
ภาพจิตรกรรมฝาผนัง,phaapF jitL dtraL gamM faaR phaL nangR,noun,a mural
ภาพตาย,phaapF dtaaiM,noun,a still image; a picture
ภาพถ่าย ,phaapF thaaiL,noun,photograph
ภาพที่เขาวิ่งเข้าไปสวมกอดพ่อนั้น คงมีความหมายเหนือคำบรรยายใด ๆ,phaapF theeF khaoR wingF khaoF bpaiM suaamR gaawtL phaawF nanH khohngM meeM khwaamM maaiR neuuaR khamM banM yaaiM daiM daiM,example sentence,"""The image of his running in and hugging his father is poignant beyond what mere words can express."""
ภาพที่จับจากหน้าจอคอมพิวเตอร์ ,phaapF theeF japL jaakL naaF jaawM khaawmM phiuM dtuuhrM,"noun, phrase",a screen capture
ภาพที่ได้หยุดนิ่ง,phaapF theeF daiF yootL ningF,noun,stop-action photograph
ภาพที่น่ากลัวของสงครามเขย่าขวัญคนไปทั่วโลก ,phaapF theeF naaF gluaaM khaawngR sohngR khraamM khaL yaoL khwanR khohnM bpaiM thuaaF lo:hkF,example sentence,"""Horrific pictures from the war frightened people all over the world."""
ภาพที่เห็นเป็นภาพเบลอ มองเห็นอะไรไม่ชัด,phaapF theeF henR bpenM phaapF bluuhrM maawngM henR aL raiM maiF chatH,example sentence,"""The picture he was looking at was blurred; he could not see anything clearly."""
ภาพน้ำตาไหลอาบแก้มกลายเป็นภาพบวกที่มีพลังทางการเมืองมากๆมีส่วนทำให้คะแนนนิยมเพิ่มขึ้นอย่างน่ามหัศจรรย์,phaapF namH dtaaM laiR aapL gaaemF glaaiM bpenM phaapF buaakL theeF meeM phaH langM thaangM gaanM meuuangM maakF maakF meeM suaanL thamM haiF khaH naaenM niH yohmM pheermF kheunF yaangL naaF maH hatL saL janM,example sentence,"""The appearance of tears running down [a candidate’s] cheeks has become a very positive image in politics and may have a part in contributing to increasing his popularity tremendously."""
ภาพนิ่ง,phaapF ningF,noun,still picture; photograph
ภาพนี้ไม่เพียงแต่ไม่มีจริง ๆ ในปัจจุบัน แต่ผมเชื่อว่าไม่มีจริง ๆในประวัติศาสตร์ด้วย,phaapF neeH maiF phiiangM dtaaeL maiF meeM jingM jingM naiM bpatL jooL banM dtaaeL phohmR cheuuaF waaF maiF meeM jingM jingM naiM bpraL watL saatL duayF,example sentence,"""This image is not only erroneous today, but, I believe, never was accurate historically."""
ภาพแนวตั้ง,phaapF naaeoM dtangF,noun,portrait view (photography); vertical perspective
ภาพแนวนอน,phaapF naaeoM naawnM,noun,landscape view (photography); horizontal perspective
ภาพในใจ,phaapF naiM jaiM,noun,mental image; imagination
ภาพประกอบ,phaapF bpraL gaawpL,verb,illustration
ภาพประกอบมีหน้าที่ในการสื่อสารพอ ๆ กับตัวหนังสือ โดยเรียกความสนใจจากผู้อ่านและบรรยายบรรยากาศในแนวของเรื่องได้ดี,phaapF bpraL gaawpL meeM naaF theeF naiM gaanM seuuL saanR phaawM phaawM gapL dtuaaM nangR seuuR dooyM riiakF khwaamM sohnR jaiM jaakL phuuF aanL laeH banM yaaiM banM yaaM gaatL naiM naaeoM khaawngR reuuangF daiF deeM,example sentence,"""The purpose of illustrations is to communicate in a manner equivalent to the written word by drawing the viewer’s attention and to better convey the context of the story."""
ภาพเปลือย,phaapF bpleuuayM,noun,an image of a nude
ภาพผลไม้อยู่ในกระจาดสามารถลวงตาอีกาให้เข้าใจผิดคิดว่า เป็นผลไม้ที่แท้จริงได้,phaapF phohnR laH maaiH yuuL naiM graL jaatL saaR maatF luaangM dtaaM eeM gaaM haiF khaoF jaiM phitL khitH waaF bpenM phohnR laH maaiH theeF thaaeH jingM daiF,example sentence,"""The picture of fruit in a basket can deceive even a crow into believing that the fruit is real."""
ภาพผลิตซ้ำ,phaapF phaL litL samH,,reproduction of a picture or painting
ภาพพจน์ ,phaapF phohtH,"noun, phrase, loanword, Pali",[used in a literature-related way only] figure of speech
ภาพพจน์,phaapF phohtH,,image
ภาพพร่า,phaapF phraaF,noun,blurry image; indistict pictrure
ภาพพิมพ์,phaapF phimM,noun,a photographic print
ภาพยนต์,phaapF yohnM,noun,[alternate spelling of ภาพยนตร์]
ภาพยนต์,phaapF phaH yohnM,noun,theatrical performance
ภาพยนตร์ ,phaapF phaH yohnM,"noun, formal",movie; moving picture; film; motion picture
ภาพยนตร์ตลก ,phaapF phaH yohnM dtaL lohkL,"noun, formal",comedy (movie)
ภาพยนตร์บันทึกเหตุการณ์จริง ,phaapF phaH yohnM banM theukH haehtL gaanM jingM,"noun, phrase, formal",documentary
ภาพยนตร์เรื่องนี้จบไม่สมบูรณ์,phaapF phaH yohnM reuuangF neeH johpL maiF sohmR buunM,example sentence,"""This movie ended imperfectly; it left issues unresolved."""
ภาพยนตร์เรื่องนี้ประสบผลสำเร็จที่เกินคาด,phaapF phaH yohnM reuuangF neeH bpraL sohpL phohnR samR retL theeF geernM khaatF,example sentence,"""This movie has been successful beyond all expectations."""
ภาพยนตร์เรื่องนี้เปิดกล้องถ่ายทำตั้งแต่ต้นปีที่ผ่านมา,phaapF phaH yohnM reuuangF neeH bpeertL glaawngF thaaiL thamM dtangF dtaaeL dtohnF bpeeM theeF phaanL maaM,example sentence,"""This picture began filming at the begining of last year."""
ภาพยนตร์เรื่องนี้ยังไม่จบบริบูรณ์,phaapF phaH yohnM reuuangF neeH yangM maiF johpL baawM riH buunM,example sentence,"""This movie has not yet completely ended; there are more episodes to come."""
ภาพรวม,phaapF ruaamM,,[ภาพรวม] overall image; full perspective; the big picture
ภาพรวมเศรษฐกิจ,phaapF ruaamM saehtL thaL gitL,noun,overall view of the economy
ภาพรังสี,phaapF rangM seeR,noun,radiograph
ภาพลวงตา,phaapF luaangM dtaaM,noun,hallucination; illusion; delusion
ภาพล้อ,phaapF laawH,noun,a caricature; a cartoon; a comic
ภาพลักษณ์ ,phaapF lakH,"noun, phrase, formal, loanword, Pali","[of one's mental and physical representations, including the public perception] image"
ภาพลามก,phaapF laaM mohkH,noun,pornographic image(s)
ภาพวาด,phaapF waatF,noun,(a drawn) picture
ภาพสเกตช์,phaapF saL gaehtL,noun,sketch; drawing
ภาพสะท้อน,phaapF saL thaawnH,noun,reflection
ภาพหน้าปก,phaapF naaF bpohkL,noun,cover picture
ภาพหลอน,phaapF laawnR,noun,hallucination; illusion; delusion
ภาพเหมือน,phaapF meuuanR,noun,portrait
ภาพอธิบายที่อยู่ในหน้าตรงข้ามหน้าแรกของหนังสือ,phaapF aL thiH baaiM theeF yuuL naiM naaF dtrohngM khaamF naaF raaekF khaawngR nangR seuuR,"noun, formal",frontispiece; an illustrated leaf preceding the title page of a book
ภาพอุดมคติ,phaapF ooL dohmM khaH dtiL,noun,idealized image
ภาพฮึกเหิมที่เกิดขึ้นภายในเพื่อไทยเป็นเพียงมายาที่เกิดขึ้นมาชั่ววูบ,phaapF heukH heermR theeF geertL kheunF phaaiM naiM pheuuaF thaiM bpenM phiiangM maaM yaaM theeF geertL kheunF maaM chuaaF wuupF,example sentence,"""This image of joy and enthusiasm which arose within the Phua Thai party is merely a temporary illusion."""
ภาพจำ,phaapF jamM,noun,mental image; rembrance; memory; remembered image
ภาย ,phaaiM,noun,[referring to placement in space or time] location
ภายใต้,phaaiM dtaaiF,preposition,under
ภายใต้แรงกดดันของมติมหาชน,phaaiM dtaaiF raaengM gohtL danM khaawngR maH dtiL maH haaR chohnM,phrase,under the pressure of public opinion
ภายใต้สภาพการณ์แบบนี้คงจะไม่มีใครนิ่งเฉยอยู่ได้ ,phaaiM dtaaiF saL phaapF gaanM baaepL neeH khohngM jaL maiF meeM khraiM ningF cheeuyR yuuL daiF,"example sentence, formal","""Under a condition like this, no one will probably remain calm."""
ภายนอก ,phaaiM naawkF,"noun, adjective",[is] outside; external
ภายนอก,phaaiM naawkF,adverb,externally; outside
ภายใน ,phaaiM naiM,noun,"the inside, the interior"
ภายใน,phaaiM naiM,"adverb, preposition",within; by (a certain time frame)
ภายใน,phaaiM naiM,adjective,internal; inside
ภายในประเทศ,phaaiM naiM bpraL thaehtF,adverb,within the country; domestically
ภายในเร็ววันนี้ ,phaaiM naiM reoM wanM neeH,"preposition, phrase, formal",one day soon; some day soon
ภายในหมู่บ้านมีหัววัวควาย หัวหมู และหัวไก่ทิ้งอยู่ระเกะระกะ,phaaiM naiM muuL baanF meeM huaaR wuaaM khwaaiM huaaR muuR laeH huaaR gaiL thingH yuuL raH gehL raH gaL,example sentence,"""Within the village there were ox and buffalo heads, pig skulls, and chicken heads scattered all about."""
ภายในห้องแสดงนิทรรศการเต็มไปด้วยชุดเครื่องเพชร จากร้านเพชรชื่อดังระดับโลก,phaaiM naiM haawngF saL daaengM niH thatH saL gaanM dtemM bpaiM duayF chootH khreuuangF phetH jaakL raanH phetH cheuuF dangM raH dapL lo:hkF,example sentence,"""The interior of the exhibition hall was filled with diamond jewelry collections from world-renowned diamond jewelry stores."""
ภายภาคหน้า,phaaiM phaakF naaF,noun,the future
ภายหน้า ,phaaiM naaF,"adverb, formal",in the future
ภายหลัง ,phaaiM langR,adverb,afterward; later; afterwards
ภายหลังการวางระเบิดคร่าชีวิตชาวบ้านเป็นว่าเล่นแต่กลุ่มโจรยังอาละวาดหนัก,phaaiM langR gaanM waangM raH beertL khraaF cheeM witH chaaoM baanF bpenM waaF lenF dtaaeL gloomL jo:hnM yangM aaM laH waatF nakL,example sentence,"""After the bombings had killed many people without a thought, the gangsters continued on their rampage."""
ภายหลังจากการลดของอัตราการตายอย่างต่อเนื่องอันเป็นผลจากความเจริญก้าวหน้าทางเทคโนโลยีและการสาธารณสุข,phaaiM langR jaakL gaanM lohtH khaawngR atL raaM gaanM dtaaiM yaangL dtaawL neuuangF anM bpenM phohnR jaakL khwaamM jaL reernM gaaoF naaF thaangM thaehkF no:hM lo:hM yeeM laeH gaanM saaR thaaM raH naH sookL,example sentence,"""...as a result of continually declining death rates due to advances in technology and public health."""
ภายหลังสงครามสงบลงนักรบก็คิดว่าม้าศึกของตนคงไม่มีประโยชน์อันใดอีก,phaaiM langR sohngR khraamM saL ngohpL lohngM nakH rohpH gaawF khitH waaF maaH seukL khaawngR dtohnM khohngM maiF meeM bpraL yo:htL anM daiM eekL,example sentence,"""After the war ended, the cavalryman thought that his war horse was of no use to him anymore."""
ภายนตร์,phaaM yohnM,noun,cinema; motion picture
ภาร,phaanM,noun,burden; responsibility; duty; obligation
ภารจำยอม,phaanM jamM yaawmM,noun,servitude which requires the owner of a piece of land to give easement to the owner of another piece of land
ภารติดพัน,phaanM dtitL phanM,noun,responsibility
ภารธุระ,phaanM thooH raH,noun,concern; business; attention
ภารกิจ,phaaM raH gitL,noun,duty; obligation; assignment
ภารกิจของกระทรวงวัฒนธรรมเพื่อให้บรรลุเป้าหมายในครั้งนี้จึงอาจดูว่ายาก เพราะสังคมแบ่งแยกมาเป็นเวลานานและอาจนานกว่าที่คาดไว้,phaaM raH gitL khaawngR graL suaangM watH thaH naH thamM pheuuaF haiF banM looH bpaoF maaiR naiM khrangH neeH jeungM aatL duuM waaF yaakF phrawH sangR khohmM baengL yaaekF maaM bpenM waehM laaM naanM laeH aatL naanM gwaaL theeF khaatF waiH,example sentence,"""The task imposed on the Ministry of Culture to achieve its objective this time is considered burdensome, since Thai society has been divided for a long time and it may take longer than expected."""
ภารกิจของ สพน. ที่สำคัญนั้น คือเพื่อสร้างทางเลือกการเพิ่มเสถียรภาพด้านไฟฟ้าของประเทศในอนาคต,phaaM raH gitL khaawngR saawR phaawM naawM theeF samR khanM nanH kheuuM pheuuaF saangF thaangM leuuakF gaanM pheermF saL thiianR raH phaapF daanF faiM faaH khaawngR bpraL thaehtF naiM aL naaM khohtH,example sentence,"""The important function of the NPPDO is to develop alternatives for enhancing the country’s future stability in electric power (supply)."""
ภารกิจยังไม่ลุล่วงเลย แล้วจะไม่ให้ผมอนาทรร้อนใจได้กระไรเล่า ,phaaM raH gitL yangM maiF looH luaangF leeuyM laaeoH jaL maiF haiF phohmR aL naaM thaawnM raawnH jaiM daiF graL raiM laoF,"example sentence, formal","""How can I be anything but worried when the assignments are still not completed?"""
ภารกิจส่วนใหญ่ คือส่งเสบียงอาหารให้กับตำรวจตระเวนชายแดน,phaaM raH gitL suaanL yaiL kheuuM sohngL saL biiangM aaM haanR haiF gapL dtamM ruaatL dtraL waehnM chaaiM daaenM,example sentence,"""Most of our tasks involved taking food supplies to the border police..."""
ภารต,phaaM rohtH,"noun, adjective",an Indian; India
noun,actor; actress,,
ภารยทรัพย์,phaaM raH yaH sapH,noun,the property under lien or easement
ภารโรง ,phaanM ro:hngM,noun,janitor; maintenance worker
ภาระ,phaaM raH,noun,burden; responsibility; duty; obligation
ภาระของการเป็นผู้นำของสังคมพม่าในช่วงนั้น ก็ตกอยู่กับสถาบันศาสนาและพระสงฆ์ไปโดยปริยาย,phaaM raH khaawngR gaanM bpenM phuuF namM khaawngR sangR khohmM phaH maaF naiM chuaangF nanH gaawF dtohkL yuuL gapL saL thaaR banM saatL saL naaR laeH phraH sohngR bpaiM dooyM bpaL riH yaaiM,example sentence,"""The burden of leadership of Burmese society at that time fell to religious institutions and, by implication, the monks."""
ภาระผูกพัน,phaaM raH phuukL phanM,"noun, phrase",obligation; financial burden; debt
ภาวการณ์,phaaoM waH gaanM,noun,situation
ภาวนา,phaaM waH naaM,"noun, formal, loanword, Pali",Bhavana; prosperity; production; meditation
"verb, intransitive, loanword, Pali",to meditate; to be devoted to pray,,
ภาวะ ,phaaM waH,noun,circumstances; condition; state; status
"noun, loanword, Pali",existence; being; apperance; birth,,
noun,[มลภาวะ] contamination; pollution,,
noun,[นิติภาวะ] legal age; statutory majority,,
ภาวะขาดแคลนอาหารลงจนถึงขั้นวิกฤตครั้งนี้ สาเหตุสำคัญเป็นเพราะราคาของพืชอาหารถูกดันขึ้นไปจนสูงเกินกว่าที่คนธรรมดาหาเช้ากินค่ำจะมีทุนรอนพอที่จะซื้อได้,phaaM waH khaatL khlaaenM aaM haanR lohngM johnM theungR khanF wiH gritL khrangH neeH saaR haehtL samR khanM bpenM phrawH raaM khaaM khaawngR pheuutF aaM haanR thuukL danM kheunF bpaiM johnM suungR geernM gwaaL theeF khohnM thamM maH daaM haaR chaaoH ginM khamF jaL meeM thoonM raawnM phaawM theeF jaL seuuH daiF,example sentence,"""The food shortage situation has become a crisis, the most important cause of which is that the price of food has been forced upward, beyond the purchasing ability of the common person who lives from hand to mouth."""
ภาวะคับขัน,phaaM waH khapH khanR,noun,crisis; critical times
ภาวะเจริญพันธุ์,phaaM waH jaL reernM phanM,noun,[state or condition of] fertility
ภาวะฉุกเฉิน,phaaM waH chookL cheernR,noun,a state of emergency
ภาวะติดเชื้อ,phaaM waH dtitL cheuuaH,"noun, phrase",conditions of infection
ภาวะติดยา,phaaM waH dtitL yaaM,,conditions of drug addiction
ภาวะทรัสตรี,phaaM waH thratH dtreeM,noun,trusteeship
ภาวะที่กางเกงในเข้าไปติดในง่ามก้น,phaaM waH theeF gaangM gaehngM naiM khaoF bpaiM dtitL naiM ngaamF gohnF,"noun, phrase",wedgie
ภาวะที่ถูกเนรเทศ,phaaM waH theeF thuukL naehM raH thaehtF,"noun, phrase, formal",exile
ภาวะที่สัมพันธ์กัน ,phaaM waH theeF samR phanM ganM,noun,correlation
ภาวะนี้เกิดขึ้นเมื่อร่างกายไม่สามารถควบคุมอุณหภูมิได้เนื่องจากความร้อนที่มากเกินไปและเกิดการสูญเสียเหงื่อและสารน้ำไปอย่างมาก,phaaM waH neeH geertL kheunF meuuaF raangF gaaiM maiF saaR maatF khuaapF khoomM oonM haL phuumM daiF neuuangF jaakL khwaamM raawnH theeF maakF geernM bpaiM laeH geertL gaanM suunR siiaR ngeuuaL laeH saanR naamH bpaiM yaangL maakF,example sentence,"""This condition arises when our body is unable to control its temperature because it becomes over heated and dehydrated."""
ภาวะปรสิต,phaaM waH bpaL raH sitL,noun,parasitic relationship
ภาวะผู้นำ,phaaM waH phuuF namM,noun,leadership
ภาวะไม่มีขื่อไม่มีแป,phaaM waH maiF meeM kheuuL maiF meeM bpaaeM,"noun, phrase, colloquial",anarchy
ภาวะไม่มีรัฐบาล,phaaM waH maiF meeM ratH thaL baanM,"noun, phrase",anarchy
ภาวะยุ่งเหยิง ,phaaM waH yoongF yeerngR,"noun, phrase",imbroglio
ภาวะไร้รัฐบาล,phaaM waH raiH ratH thaL baanM,"noun, phrase, formal",anarchy
ภาวะโลกร้อน,phaaM waH lo:hkF raawnH,noun,global warming
ภาวะเศรษฐกิจตกต่ำ,phaaM waH saehtL thaL gitL dtohkL dtamL,phrase,economic depression
ภาวะเศรษฐกิจตกต่ำได้สร้างผลกระทบต่อธุรกิจสื่อสิ่งพิมพ์อย่างมาก,phaaM waH saehtL thaL gitL dtohkL dtamL daiF saangF phohnR graL thohpH dtaawL thooH raH gitL seuuL singL phimM yaangL maakF,example sentence,"""The depressed economy has had a very negative effect on the printing and publishing business."""
ภาวะเศรษฐกิจฟองสบู่,phaaM waH saehtL thaL gitL faawngM saL buuL,noun,economic bubble
ภาวะเศรษฐกิจโลกชะลอตัว,phaaM waH saehtL thaL gitL lo:hkF chaH laawM dtuaaM,"noun, phrase",the global economic slow down; global recession
ภาวะสุดขั้ว,phaaM waH sootL khuaaF,noun,extremism
ภาวะหย่อนสมรรถภาพทางเพศ ,phaaM waH yaawnL saL matH thaL phaapF thaangM phaehtF,"noun, phrase, formal",impotence or impotency [see notes]
ภาวะหย่อนสมรรถภาพทางเพศในชาย ,phaaM waH yaawnL saL matH thaL phaapF thaangM phaehtF naiM chaaiM,"noun, phrase, formal",erectile dysfunction (impotence in male)
ภาวะหลังชนฝา,phaaM waH langR chohnM faaR,"adjective, verb, phrase",to have one’s back up against the wall; [is] cornered
ภาวะแห่งสงคราม,phaaM waH haengL sohngR khraamM,"noun, phrase, formal",millitary
ภาวะอนาธิปไตย,phaaM waH aL naaM thipH dtaiM,"noun, phrase, formal",anarchy
ภาวะอิงอาศัย,phaaM waH ingM aaM saiR,"noun, phrase",commendalistic relationship between two species
ภาษา ,phaaM saaR,"noun, Sanskrit",language(s); speech; idiom; tongue; lingo; understanding; words
classifier,[numerical classifier for languages],,
adjective,[สองภาษา] [is] bilingual,,
ภาษากรีก,phaaM saaR greekL,noun,[ภาษากรีก] the Greek language
ภาษากลาง ,phaaM saaR glaangM,"noun, colloquial",central (Thai) dialect
ภาษากะได,phaaM saaR gaL daiM,"noun, proper noun, adjective, formal",[ภาษากะได] [Thai transcription of the foreign loanword] Kadai; a language family consisting of this group and the Thai group; of or pertaining to Kadai.
ภาษากะได,phaaM saaR gaL daiM,"noun, proper noun, adjective, formal",[ภาษากะได] [Thai transcription of the foreign loanword] Kadai; a group of languages related to the Thai group and spoken by a small population in southern China and northern Vietnam
ภาษากายก็เป็นสิ่งสำคัญมาก การพูดด้วยท่าทีผ่อนคลาย แขนผ่อนคลายอยู่ข้างลำตัวทำให้ผู้ฟังรู้สึกว่าเราเป็นคนเปิดเผย,phaaM saaR gaaiM gaawF bpenM singL samR khanM maakF gaanM phuutF duayF thaaF theeM phaawnL khlaaiM khaaenR phaawnL khlaaiM yuuL khaangF lamM dtuaaM thamM haiF phuuF fangM ruuH seukL waaF raoM bpenM khohnM bpeertL pheeuyR,example sentence,"""Body language is very important. Speaking with a relaxed posture with one's hands hanging easily at one's sides, communicates to the listener that one is a very open and honest person."""
ภาษาเขมร,phaaM saaR khaL maehnR,noun,[ภาษาเขมร] the Khmer language
ภาษาเขียน ,phaaM saaR khiianR,noun,written language; elegant or formal language
ภาษาคน,phaaM saaR khohnM,noun,human speech; human language
ภาษาคอมพิวเตอร์ ,phaaM saaR khaawmM phiuM dtuuhrM,noun,computer language(s)
ภาษาแคะ,phaaM saaR khaeH,noun,[ภาษาแคะ] language of the Hakka Chinese (from Southern China)
ภาษาจีน,phaaM saaR jeenM,noun,[ภาษาจีน] the Chinese language
ภาษาจีนกลาง ,phaaM saaR jeenM glaangM,noun,Mandarin
ภาษาเชโกสโลวาเกีย,phaaM saaR chaehM go:htL lo:hM waaM giiaM,"noun, proper noun, phrase, formal",Bohemian (the group of Czech dialects used in Bohemia)
ภาษาแช็ต,phaaM saaR chaetH,noun,chat language
ภาษาดัตช์,phaaM saaR datL,noun,[ภาษาดัตช์] the Dutch language
ภาษาเดิม,phaaM saaR deermM,noun,original language
ภาษาต้น ,phaaM saaR dtohnF,noun,source language; original language
ภาษาตลาด,phaaM saaR dtaL laatL,noun,informal language
ภาษาตะวันออก ,phaaM saaR dtaL wanM aawkL,noun,Eastern language(s)
ภาษาต่างประเทศ ,phaaM saaR dtaangL bpraL thaehtF,noun,foreign language
ภาษาต่าง ๆ ในโลกมีความหลากหลาย,phaaM saaR dtaangL dtaangL naiM lo:hkF meeM khwaamM laakL laaiR,example sentence,"""There is a variety of different languages in the world."""
ภาษาใต้ ,phaaM saaR dtaaiF,"noun, colloquial",Southern Thai dialect
ภาษาถิ่น ,phaaM saaR thinL,noun,dialect
ภาษาถิ่นเป็นภาษาที่แสดงเอกลักษณ์เฉพาะถิ่นที่ควรรักษาและใช้ในท้องถิ่นด้วยความภูมิใจ แต่เมื่อสื่อสารกับคนต่างถิ่น ซึ่งไม่เข้าใจภาษาของท้องถิ่นนั้น อาจทำให้เป็นอุปสรรคในการสื่อสาร เพื่อให้สื่อสารตรงกันจึงควรใช้ภาษากลางด้วยสำเนียงที่ถูกต้องชัดเจน,phaaM saaR thinL bpenM phaaM saaR theeF saL daaengM aehkL gaL lakH chaL phawH thinL theeF khuaanM rakH saaR laeH chaiH naiM thaawngH thinL duayF khwaamM phuumM jaiM dtaaeL meuuaF seuuL saanR gapL khohnM dtaangL thinL seungF maiF khaoF jaiM phaaM saaR khaawngR thaawngH thinL nanH aatL thamM haiF bpenM oopL bpaL sakL naiM gaanM seuuL saanR pheuuaF haiF seuuL saanR dtrohngM ganM jeungM khuaanM chaiH phaaM saaR glaangM duayF samR niiangM theeF thuukL dtawngF chatH jaehnM,example sentence,"""Local dialects, languages which demonstrate local identity, should be preserved and proudly used in those areas. But, when we try to talk with people from other regions who do not understand our dialect, [using the dialect] would create an obstacle to communications. In order to enhance understanding, we should speak in Central dialect with proper and clear pronunciation."""
ภาษาทมิฬ,phaaM saaR thaH minM,"noun, adjective, phrase",Tamil
ภาษาท้องถิ่น ,phaaM saaR thaawngH thinL,"noun, phrase, formal",regional dialect; vernacular
ภาษาท่าทาง,phaaM saaR thaaF thaangM,noun,body language
ภาษาที่ใช้กันประจำวัน,phaaM saaR theeF chaiH ganM bpraL jamM wanM,"noun, phrase, formal",vernacular
ภาษาที่มีผู้ใช้มากที่สุดในโลกคือภาษาจีน โดยมีผู้ใช้ส่วนใหญ่ก็อยู่ในประเทศสาธารณรัฐประชาชนจีน ซึ่งใช้ตัวอักษรตัวย่อ (ไม่ใช่ตัวเต็ม),phaaM saaR theeF meeM phuuF chaiH maakF theeF sootL naiM lo:hkF kheuuM phaaM saaR jeenM dooyM meeM phuuF chaiH suaanL yaiL gaawF yuuL naiM bpraL thaehtF saaR thaaM raH naH ratH bpraL chaaM chohnM jeenM seungF chaiH dtuaaM akL saawnR dtuaaM yaawF maiF chaiF dtuaaM dtemM,example sentence,"""The language which has the greatest number of speakers in the world is Chinese; the majority of speakers live in the People’s Republic of China and they use simplified characters (not traditional characters)."""
ภาษาไท,phaaM saaR thaiM,"noun, proper noun","[ภาษาไท] Tai, a group of languages spoken in SE Asia, including Thai, Lao, and Shan"
ภาษาไทย,phaaM saaR thaiM,noun,[ภาษาไทย] the Thai language
ภาษาไทยและภาษาลาวเป็นภาษาที่แตกต่างกัน,phaaM saaR thaiM laeH phaaM saaR laaoM bpenM phaaM saaR theeF dtaaekL dtaangL ganM,example sentence,"""Thai and Lao are two different languages."""
ภาษาไทยศึกษาให้เข้าใจได้ไม่ยาก,phaaM saaR thaiM seukL saaR haiF khaoF jaiM daiF maiF yaakF,example sentence,"""It is not difficult to learn to understand the Thai language."""
ภาษานอร์เวย์,phaaM saaR naawM waehM,noun,Norwegan (language)
ภาษาน้ำนม,phaaM saaR naamH nohmM,noun,language; one’s mother tongue
ภาษาบาลี,phaaM saaR baaM leeM,noun,[ภาษาบาลี] the Pali language
ภาษาเบลารุส,phaaM saaR baehM laaM rootH,noun,[ภาษาเบลารุส] Belarusian language
ภาษาเบสิก,phaaM saaR baehM sikL,noun,Basic programming language
ภาษาแบบแผน,phaaM saaR baaepL phaaenR,noun,official language
ภาษาประจำชาติ ,phaaM saaR bpraL jamM chaatF,noun,national language
ภาษาปักษ์ใต้,phaaM saaR bpakL dtaaiF,noun,Southern Thai dialect
ภาษาปาก ,phaaM saaR bpaakL,noun,spoken language; conversational language in daily use
ภาษาเป็นสิ่งที่บ่งบอกถึงความเป็นอารยธรรมทางปัญญาที่สำคัญอย่างหนึ่งของมนุษย์ ไม่ว่าจะเป็นชนชาติใดก็ตาม,phaaM saaR bpenM singL theeF bohngL baawkL theungR khwaamM bpenM aaM raH yaH thamM thaangM bpanM yaaM theeF samR khanM yaangL neungL khaawngR maH nootH maiF waaF jaL bpenM chohnM chaatF daiM gaawF dtaamM,example sentence,"""Language is something that speaks to the importance of mankind’s intelligence and civilization; this is true for all peoples."""
ภาษาเปอร์เซีย,phaaM saaR bpuuhrM siiaM,proper noun,[ภาษาเปอร์เซีย] Persian language
ภาษาฝรั่ง,phaaM saaR faL rangL,noun,foreign language; European or Western languages
ภาษาฝรั่งเศส,phaaM saaR faL rangL saehtL,noun,[ภาษาฝรั่งเศส] the French language
ภาษาพื้นเมือง ,phaaM saaR pheuunH meuuangM,noun,regional dialect; vernacular
ภาษาพูด ,phaaM saaR phuutF,noun,spoken language; colloquial speech
ภาษาภาษี,phaaM saaR phaaM seeR,noun,tax language
ภาษามคธ,phaaM saaR maH khohtH,noun,[ภาษามคธ] the Bihar language
ภาษามือ,phaaM saaR meuuM,noun,sign language
ภาษามือไทย,phaaM saaR meuuM thaiM,noun,Thai Sign Language
ภาษาแม่,phaaM saaR maaeF,noun,mother tongue; native language
"ภาษาแม่ที่ฟังรู้เรื่องและพูดได้นี้เป็นเพียง ""สิ่งที่ปรากฏ""",phaaM saaR maaeF theeF fangM ruuH reuuangF laeH phuutF daiF neeH bpenM phiiangM singL theeF bpraaM gohtL,example sentence,"""The native tongue that we comprehend and speak merely comes out naturally."""
ภาษาย่อย,phaaM saaR yaawyF,noun,dialect; sub-language
ภาษาเยอรมัน,phaaM saaR yuuhrM raH manM,noun,[ภาษาเยอรมัน] German language
ภาษาราชการ,phaaM saaR raatF chaH gaanM,noun,official (government or bureaucratic) language
ภาษาลาติน,phaaM saaR laaM dtinM,noun,[ภาษาลาติน] the Latin language
ภาษาวิบัติ,phaaM saaR wiH batL,noun,non-standard language; sloppy speech
ภาษาศาสตร์ ,phaaM saaR saatL,"noun, phrase, formal, loanword, Sanskrit",Linguistics
ภาษาศาสตร์จิตวิทยา,phaaM saaR saatL jitL dtaL witH thaH yaaM,noun,Psycholinguistics
ภาษาศาสตร์ประยุกต์,phaaM saaR saatL bpraL yookH,noun,Applied linguistics
ภาษาศาสตร์สังคม,phaaM saaR saatL sangR khohmM,noun,Sociolinguistics
ภาษาสเปน,phaaM saaR saL bpaehnM,noun,[ภาษาสเปน] the Spanish language
ภาษาส่วย,phaaM saaR suayL,,[ภาษาส่วย] language of the ส่วย hill people
ภาษาสวีเดน,phaaM saaR saL weeM daehnM,noun,Swedish (language)
ภาษาสันสกฤต,phaaM saaR sanR saL gritL,proper noun,[ภาษาสันสกฤต] the Sanskrit language
ภาษาสุภาพ,phaaM saaR sooL phaapF,noun,polite language; euphemism
ภาษาหนังสือ,phaaM saaR nangR seuuR,noun,literary language
ภาษาหมา ๆ,phaaM saaR maaR maaR,"noun, adjective, colloquial",to talk trash; to act silly
ภาษาหยาบ ,phaaM saaR yaapL,"noun, phrase, formal","rude word or speech, vulgar language"
ภาษาอังกฤษ,phaaM saaR angM gritL,noun,[ภาษาอังกฤษ] the English language
ภาษาอังกฤษฉันกระดิกหูเสียที่ไหน ถึงจะให้ไปทำงานบ้านฝรั่ง,phaaM saaR angM gritL chanR graL dikL huuR siiaR theeF naiR theungR jaL haiF bpaiM thamM ngaanM baanF faL rangL,example sentence,"""Does it look like I understand English well enough for them to send me to work at a foreigner's house?"""
ภาษาอังกฤษในฐานะที่เป็นภาษาที่สอง,phaaM saaR angM gritL naiM thaaR naH theeF bpenM phaaM saaR theeF saawngR,"noun, proper noun",ESL (English as a Second Language)
ภาษาอีสาน,phaaM saaR eeM saanR,"noun, loanword, Pali",[ภาษาอีสาน] northeastern Thai dialect; Isan dialect
ภาษาเอชทีเอ็มแอล ,phaaM saaR aehtL theeM emM aaenM,"noun, phrase, formal",HTML
ภาษาแอสเซมบลี,phaaM saaR aaetL saehmM baL leeM,noun,assembly language (for computers)
ภาษิต,phaaM sitL,noun,saying; proverb; motto; saw; teaching; maxim; adage
ภาษิตสมัยก่อนที่บอกว่า ผู้ชายเริ่มต้นที่อายุ ๔๐,phaaM sitL saL maiR gaawnL theeF baawkL waaF phuuF chaaiM reermF dtohnF theeF aaM yooH seeL sipL,example sentence,"""An old saying teaches us that for men, “Life begins at 40.” """
ภาษี ,phaaM seeR,noun,tax; duty
noun,[ปีภาษี] tax year; fiscal period,,
ภาษีการค้า,phaaM seeR gaanM khaaH,noun,business tax
ภาษีเงินได้ ,phaaM seeR ngernM daiF,noun,income tax
ภาษีที่ดิน,phaaM seeR theeF dinM,noun,real estate tax
ภาษีนำเข้า,phaaM seeR namM khaoF,noun,import duty; customs duty
ภาษีภาษา,phaaM seeR phaaM saaR,,[is] worldy; sophisticated
ภาษีมรดก,phaaM seeR maawM raH dohkL,noun,inheritance tax; death duty; death tax; estate tax
ภาษีมูลค่าเพิ่ม ,phaaM seeR muunM khaaF pheermF,"noun, phrase, formal",Value Added Tax (VAT)
ภาษีโรงเรียนและที่ดิน,phaaM seeR ro:hngM riianM laeH theeF dinM,noun,building and land tax
ภาษีศุลกากร,phaaM seeR soonR laH gaaM gaawnM,noun,customs duty; customs tax
ภาษีสรรพสามิต,phaaM seeR sapL saaR mitH,noun,excise tax
ภาษีสินค้า ,phaaM seeR sinR khaaH,noun,merchandise tax (VAT in Thailand); customs duty
ภาษีเสริม,phaaM seeR seermR,noun,supertax; surtax
ภาษีเจริญ,phaaM seeR jaehM rinM,proper noun,[เขตภาษีเจริญ] [administrative district of Bangkok] Phasi Charoen
ภาษีอากร,phaaM seeR aaM gaawnM,noun,taxation; tax; rate; duty; levy; toll
ภาส,phaatF,"noun, formal, loanword, Pali",the sun; light; brightness; clearness; splendour
"adjective, formal, loanword, Pali",shining; bright,,
ภาสุระ,phaaM sooL raH,proper noun,Pasura [a Thai given name]
ภิกขา,phikH khaaR,noun,begging or soliciting of food or alms; the alms obtained by begging
ภิกขาจาร,phikH khaaR jaanM,"verb, transitive, intransitive","to beg, to beg for food or alms"
ภิกขุ,phikH khooL,noun,priest; monk; bhikku
ภิกขุนี,phikH khooL neeM,,priestess; buddhist female mendicant; nun
ภิกษุ ,phikH sooL,noun,monk
noun,[พระภิกษุ] monk,,
ภิกษุจะต้องไม่เมามัวพัวพันในเรื่องของทางทางโลก,phikH sooL jaL dtawngF maiF maoM muaaM phuaaM phanM naiM reuuangF khaawngR thaangM thaangM lo:hkF,example sentence,"""Monks must not be seduced by and become involved in worldy things."""
ภิกษุสงฆ์,phikH sooL sohngR,noun,Buddhist monk
ภิกษุณี,phikH sooL neeM,noun,priestess; buddhist female mendicant; nun
ภิญโญ,phinM yo:hM,"verb, intransitive, loanword, Pali",to prosper
adjective,excellent; more; best; elevated,,
ภินท์,phinM,verb,to destroy; break; split
ภิบาล,phiH baanM,,[alternate spelling of อภิบาล]
ภิรมย์,phiH rohmM,adjective,[is] pleasing; pleasurable; satisfying
noun,[ความภิรมย์] pleasure; satisfaction,,
proper noun,Phirom [a Thai given name],,
ภุช,phootH,"loanword, Pali",snake
ภุชงค์,phooH chohngM,"noun, loanword, Pali",a naga
"noun, loanword, Pali",[a type of] Thai metrical composition,,
proper noun,Phuchong [a Thai given name],,
ภุมระ,phoomM maH raH,noun,bee
ภุมรา,phoomM raaM,noun,a bee; a carpenter bee; a drone
ภุมรา,phoomM maH raaM,,[alternate spelling of ภุมระ]
ภุมริน,phoomM rinM,noun,a bee; a carpenter bee; a drone
ภุมริน,phoomM maH rinM,,[alternate spelling of ภุมระ]
ภุมรี,phoomM reeM,noun,a bee; a carpenter bee; a drone
ภุมเรศ,phoomM raehtF,noun,a bee; a carpenter bee; a drone
ภุมเรศ,phoomM maH raehtF,,[alternate spelling of ภุมระ]
ภุมวาร,phoomM maH waanM,"noun, loanword, Pali",Tuesday
ภู ,phuuM,"noun, loanword, Pali",soil; ground; place; land
ภูเขา  ,phuuM khaoR,noun,[ภูเขา] hill; mountain
ภูเขาตะนาวศรี,phuuM khaoR dtaL naaoM seeR,"noun, proper noun",the Tenasserim range
ภูเขาน้ำแข็ง,phuuM khaoR namH khaengR,noun,iceberg
ภูเขาไฟ ,phuuM khaoR faiM,noun,volcano
ภูเขาไฟระเบิด,phuuM khaoR faiM raH beertL,noun,volcanic erruption
ภูเขาไฟระเบิด,phuuM khaoR faiM raH beertL,example sentence,"""The volcano errupted."""
ภูเขารอกกี,phuuM khaoR raawkF geeM,"proper noun, geographical",Rocky Mountains
ภูเขาลูกเล็ก,phuuM khaoR luukF lekH,"noun, phrase",hill
ภูเขาสีน้ำเงินเข้มเป็นทิวยาวด้านหน้า ดูสลับซับซ้อนงดงามและน่ามองอย่างยิ่ง,phuuM khaoR seeR namH ngernM khemF bpenM thiuM yaaoM daanF naaF duuM saL lapL sapH saawnH ngohtH ngaamM laeH naaF maawngM yaangL yingF,example sentence,"""The dark blue mountains form a long line in front; they appear complex and beautiful; [they are] incredibly attractive to see."""
ภูเขาหิมาลัย,phuuM khaoR hiL maaM laiM,"noun, proper noun",the Himalayas
ภูเขาแอลพ์,phuuM khaoR aaenM,"proper noun, geographical",the Alps
ภูไท,phuuM thaiM,noun,"land of the Thai or Tai, one of the original homes of the Thai in China"
ภู่ ,phuuF,noun,[แมลงภู่] carpenter bee
ภูเก็ต ,phuuM getL,"proper noun, geographical","Phuket, a province in southern Thailand with a 1995 population of 207,777 (rank 74 of 76)"
ภูเก็ตวันนี้ จังเปลี่ยนโฉมไปจากเดิมสมัยที่ศึกษาครั้งก่อน,phuuM getL wanM neeH jangM bpliianL cho:hmR bpaiM jaakL deermM saL maiR theeF seukL saaR khrangH gaawnL,example sentence,"""The features of Phuket today are thus different from when the study was first conducted."""
ภูฐาน ,phuuM thaanR,"proper noun, geographical","[ประเทศภูฐาน] Bhutan, a country in Asia"
ภูดี,phuuM deeM,,[alternate spelling of ภูติ]
ภูต ,phuutF,"noun, formal",[see ภูตผีปีศาจ (ghosts and evil spirits)]
ภูตผี,phuutF pheeR,"noun, plural",[see ภูตผีปีศาจ (ghosts and evil spirits)]
ภูตผีปีศาจ ,phuutF pheeR bpeeM saatL,"noun, plural, phrase",[collective name for] ghosts; evil spirits; devils; demons; genies
ภูตผีปีศาจ อสุรกาย และสัตว์ประหลาด ,phuutF pheeR bpeeM saatL aL sooL raH gaaiM laeH satL bpraL laatL,"noun, plural, phrase, formal","ghosts, demons, monsters, and mythical creatures"
ภูติ,phuuM dtiL,"noun, formal, poetic, loanword, Pali",birth; existence; being
"noun, formal, poetic, loanword, Pali",prosperity; wealth,,
ภูธเนศ,phuutF naehtF,,[alternate spelling of ภูเบศร์]
ภูธร,phuuM thaawnM,proper noun,Pootorn
noun,local; of a locality,,
ภูธเรศ,phuutF raehtF,,[alternate spelling of ภูเบศร์]
ภูธเรศวร์,phuutF raehtF waH,,[alternate spelling of ภูเบศร์]
ภูธเรศวร,phuutF raehtF waH raH,,[alternate spelling of ภูเบศร์]
ภูบาล,phuuM baanM,,[alternate spelling of ภูเบศร์]
ภูบาลน์,phuuM baanM,"noun, loanword, Sanskrit",kingdom
ภูบุตร,phuuM bootL,"noun, loanword, Sanskrit",(the planet) Mars
ภูบุตรี,phuuM bootL reeM,"noun, Sanskrit",Rama's mistress; earth goddess
ภูเบนทร์,phuuM baL naehtL,,[alternate spelling of ภูเบศร์]
ภูเบศร์,phuuM baehtL,"noun, loanword, Sanskrit",king; emperor
ภูผา,phuuM phaaR,"noun, poetic",rocky mountain
ภูม,phuumM,,[alternate spelling of ภูมิ ]
ภูมิ ,phuuM miH,noun,status; standing
noun,earthen land; soil; site; grounds; floor; place,,
"adjective, formal, loanword, Pali",[is] grand; proud; dignified,,
"noun, formal, loanword, Pali",knowledge,,
"noun, formal, loanword, Pali",[shortened colloquial form of ภูมิคุ้มกัน] immune,,
noun,[พระภูมิ] royal site; realm,,
noun,[prefix] geo-,,
ภูมิ,phuumM,,[alternate pronunciation of ภูมิ ]
ภูมิคุ้มกัน ,phuumM khoomH ganM,"noun, phrase",immunity; immunizing agents; resistance
ภูมิคุ้มกันวิทยา ,phuumM khoomH ganM witH thaH yaaM,"noun, phrase, formal",Immunology
ภูมิใจ ,phuumM jaiM,"adjective, verb",[is] proud of; feel proud; have a feeling of accomplishment; take pride in
ภูมิฐาน ,phuumM thaanR,adjective,(of one’s look) [is] honorable; respectable; dignified; stately
ภูมิต้านทาน ,phuuM miH dtaanF thaanM,noun,antibody
ภูมิต้านทาน,phuuM miH dtaanF thaanM,noun,immunity
ภูมิเทวดา,phuuM miH thaehM waH daaM,noun,the local spirit
ภูมิธรรม,phuumM thamM,noun,moral standard; conscience
ภูมินาถ,phuuM miH naatF,noun,a great king
ภูมิประเทศ ,phuuM miH bpraL thaehtF,"noun, phrase, loanword, Pali",landscape; scenery; geography; geographical
ภูมิปัญญา,phuumM bpanM yaaM,noun,intellect; knowledge; ability; attainment; learning
ภูมิปัญญาท้องถิ่น,phuumM bpanM yaaM thaawngH thinL,noun,folk or local wisdom
ภูมิปัญญาแบบชาวบ้าน,phuumM bpanM yaaM baaepL chaaoM baanF,noun,folk wisdom
ภูมิปัญญาพื้นบ้าน,phuumM bpanM yaaM pheuunH baanF,noun,folk wisdom
ภูมิแพ้ ,phuumM phaaeH,noun,allergy
ภูมิภาค ,phuuM miH phaakF,"noun, plural, adjective","the provinces, provincial, region, area"
ภูมิภาคนิยม,phuuM miH phaakF niH yohmM,noun,regionalization
ภูมิภาคนี้ยังเป็นบ้านแห่งความขัดแย้งอันยืดเยื้อโหมกระหน่ำด้วยความอคติอันลึกซึ้ง,phuuM miH phaakF neeH yangM bpenM baanF haengL khwaamM khatL yaaengH anM yeuutF yeuuaH ho:hmR graL namL duayF khwaamM aL khaH dtiL anM leukH seungH,example sentence,"""This area continues to be beset by protracted disagreements and by raging and deep prejudices."""
ภูมิภาพ,phuuM miH phaapF,noun,scenery
ภูมิยุทธศาสตร์,phuuM miH yootH thaH saatL,noun,geostrategy
ภูมิรัฐศาสตร์,phuuM miH ratH thaL saatL,noun,geopolitics
ภูมิลำเนา,phuuM miH lamM naoM,noun,domicile
ภูมิลำเนาเดิม,phuuM miH lamM naoM deermM,noun,hometown; place of origin
ภูมิวิทยา,phuuM miH witH thaH yaaM,noun,[former word for] geology
ภูมิศาสตร์ ,phuuM miH saatL,"noun, phrase",geography
ภูมิสถาปัตยกรรม,phuuM miH saL thaaR bpatL dtaL yaH gamM,noun,landscape architecture
ภูมิอากาศ,phuumM aaM gaatL,,weather; climate
ภูมิทัศน์,phuuM miH thatH,noun,landscape
ภูมินทร์,phuuM minM,adjective,[is] royal
proper noun,Phumin [a Thai given name],,
ภูมิพลอดุลยเดช ,phuuM miH phohnM aL doonM yaH daehtL,"proper noun, person, formal, loanword, Pali","[His Majesty the King's given name] Bhumibol Adulyadej [meaning,] ""Strength of the Land (and) Incomparable Power"""
ภูมิพัฒน์,phuuM miH phatH,proper noun,Phumphat [a Thai given name]
ภูมิสารสนเทศ,phuuM miH saanR sohnR thaehtF,noun,geoinfomatics; geographic information systems
ภูมิหลัง,phuuM miH langR,noun,background
ภูมี,phuuM meeM,noun,a king
ภูแล,phuuM laaeM,noun,a variety of small pineapple
ภูวนาถ,phuuM waH naatF,noun,a king
ภูวเนตร,phuuM waH naehtF,noun,a king
ภูวไนย,phuuM waH naiM,"noun, loanword, Pali",a king
ภูเวียง,phuuM wiiangM,proper noun,"Phu Wiang, a district in the northwestern part of Khon Kaen Province, northeastern Thailand."
ภูเวียงเป็นบริเวณที่ค้นพบกระดูกไดโนเสาร์ชิ้นแรกในประเทศไทย,phuuM wiiangM bpenM baawM riH waehnM theeF khohnH phohpH graL duukL daiM no:hM saoR chinH raaekF naiM bpraL thaehtF thaiM,example sentence,"""Phu Wieng is the location in Thailand where the first fragments of dinosaur bones were discovered."""
ภูษา,phuuM saaR,"noun, poetic",garment; clothing
เภตรา ,phaehM dtraaM,"noun, poetic",boat; ship; vessel
เภท,phaehtF,"noun, formal, loanword, Pali",class; type; sort; variety; kind
"verb, intransitive, formal, loanword, Pali",to break,,
"adjective, formal, loanword, Pali",breaking; gaping; piercing,,
เภทภัย,phaehtF phaiM,noun,dangers
เภทภัย,phaehtF phaiM,noun,calamity; disaster; catastrophe
เภทุบาย,phaehM thooH baaiM,"noun, verb, intransitive, formal",a plot to divide friends
"noun, colloquial",any kind of plot; artifice; strategem; guile; deceit; wile; fraud; trick,,
verb,to plot; to pretend,,
เภรี ,phaehM reeM,"noun, poetic",drum; ceremonial or war drum
เภสัช ,phaehM satL,"noun, adjective, poetic",medicine; pertaining to medicine
noun,"seven day tonics [for monks],",,
เภสัช,phaehM satL chaH,,[alternate pronunciation of เภสัช ]
เภสัชกร ,phaehM satL chaH gaawnM,noun,chemist; druggist; pharmacist
เภสัชกรรม,phaehM satL chaH gamM,noun,pharmaceuticals; pharmacy
เภสัชวิทยา ,phaehM satL chaH witH thaH yaaM,"noun, phrase, formal, loanword, Pali",Pharmacology
เภสัชศาสตร์ ,phaehM satL chaH saatL,noun,Pharmacy
โภค,pho:hkF,verb,to eat; consume; use
โภคทรัพย์,pho:hkF khaH sapH,noun,consumable wealth; wealth; property; resource
โภคภัณฑ์,pho:hkF khaH phanM,noun,commodity; consumer goods
โภคิน,pho:hM khinM,noun,wealthy person; man of wealth; rich man
noun,consumer,,
noun,snake; serpent,,
noun,village chief,,
โภคี,pho:hM kheeM,noun,wealthy person; man of wealth; rich man
noun,snake; serpent,,
noun,village chief; village head,,
โภช,pho:htF,noun,a consumable; edible item
โภชน ,pho:hM chaH naH,"noun, poetic, Pali, Sanskrit",sustenance; food; nourishment
โภชนศาสตร์ ,pho:hM chaH naH saatL,"noun, phrase, formal",Dietics; food science
โภชนา,pho:hM chaH naaM,noun,food; nourishment
โภชนากร ,pho:hM chaH naaM gaawnM,"noun, phrase, formal, loanword, Pali",nutrituionist; dietician
โภชนาการ ,pho:hM chaH naaM gaanM,"noun, phrase, formal, loanword, Pali",nutrition; diet; โภชนศาสตร์ (dietetics)
ไภริน,phaiM rinM,noun,drum
ไภรี,phaiM reeM,,[alternate spelling of ไภริน]
