﻿word,spell,type,meaning
ฮม ,hohmM,verb,admire
ฮวงจุ้ย,huaangM juyF,,[alternate spelling of ฮวงซุ้ย ]
ฮวงจุ้ย,huaangM juyF,"noun, loanword, Chinese",Feng Shui
ฮวงจุ้ย,huaangM juyF,noun,[modern usage] infrastructure
ฮวงซุ้ย ,huaangM suyH,"noun, colloquial, loanword, Chinese",cemetery
noun,ancient Chinese practice of geomancy,,
ฮวงซุ้ย,huaangM suyH,,[alternate spelling of ฮวงจุ้ว]
ฮวบ,huaapF,verb,to suddenly collapse
ฮวบฮาบ,huaapF haapF,adverb,suddenly; quickly and unexpectedly
ฮวย,huayM,"noun, loanword, Chinese",[Chinese] flower
ฮ่วย,huayF,"interjection, onomatopoeia",[exclamation of upset surprise]
ฮอ ,haawM,,[pronunciation of the 44th letter of the Thai alphabet]
ฮ่อ,haawF,proper noun,"Chinese Muslims (Hui in Mandarin), especially those from Yunnan who emigrated to Thailand"
ฮ้อ,haawH,"adjective, loanword, Chinese",[Thai transcription of the foreign loanword] 好; [is] good
ฮอกกี้,haawkF geeF,"noun, loanword, English",[Thai transcription of foreign loanword] hockey
ฮอกกี้น้ำแข็ง ,haawkF geeF namH khaengR,noun,ice hockey
ฮ่องกง ,haawngF gohngM,"proper noun, geographical, loanword","Hong Kong, the Hong Kong SAR (Special Administrative Region)"
ฮ่องกงเป็นเมืองการค้า เมืองการเงิน คือเมืองที่ไม่รังเกียจเดียดฉันท์ความเป็นต่างชาติตราบเท่าที่มันทำให้ค้าขายได้,haawngF gohngM bpenM meuuangM gaanM khaaH meuuangM gaanM ngernM kheuuM meuuangM theeF maiF rangM giiatL diiatL chanR khwaamM bpenM dtaangL chaatF dtraapL thaoF theeF manM thamM haiF khaaH khaaiR daiF,example sentence,"""Hong Kong is a city of commerce and finance, that is, [it is] a city which is not hostile to anything foreign as long as it can buy and sell."""
ฮ่องเต้,haawngF dtehF,"noun, loanword, Chinese",Emperor (of China)
ฮอด,haawtF,"verb, loanword, Lao",[Isaan dialect] to escape (from); to arrive at; to reach; to (finally) be free from
ฮอต,haawtF,"adjective, loanword, English",[Thai transcription of the foreign loanword] hot
ฮอตเมล,haawtF maehnM,proper noun,Hotmail
ฮอตดอก ,haawtF daawkL,"noun, loanword, English",[Thai transcription of the foreign loanword] hot dog
ฮอทดอก,haawtF daawkL,"noun, loanword, English",[Thai transcription of foreign loanword] hotdog
ฮอนด้า,haawnM daaF,proper noun,Honda
ฮอนดูรัส ,haawnM duuM ratH,"proper noun, geographical","[ประเทศฮอนดูรัส] Honduras, a country in Central America"
ฮอนโนลูลู ,haawnM no:hM luuM luuM,"proper noun, geographical","Honolulu, the capital city of ฮาวาย (Hawaii)"
ฮอร์น,haawnM,"noun, loanword, English",[Thai transcription of the foreign loanword] horn
ฮอร์นบีม,haawnM beemM,"noun, adjective, loanword, English",[general] hornbeam
noun,[ต้นฮอร์นบีม] hornbeam tree,,
ฮอร์โมน,haawM mo:hnM,"noun, formal, loanword, English",[Thai transcription of the foreign loanword] hormone; endocrine [formal term officially endorsed by the Royal Institute]
ฮอลลี,haawnM leeM,,[alternate spelling of ฮอลลี่]
ฮอลลี่,haawnM leeF,"proper noun, person, loanword, English",Holly [an English female given name]
ฮอล์แลนด์ ,haawM laaenM,"proper noun, geographical, adjective",Holland; Dutch
"proper noun, geographical","[ประเทศฮอล์แลนด์] Holland, the Netherlands",,
ฮอลแลนด์,haawnM laaenM,,[alternate spelling of ฮอล์แลนด์ ]
ฮอลันดา,haawM lanM daaM,,[alternate spelling of ฮอล์แลนด์ ]
ฮะ,haH,"particle, colloquial",[colloquial particle used at the end of a question]
"interjection, colloquial",[alternative pronunciation of ครับ ],,
ฮ่ะ,haF,"particle, colloquial",[colloquial particle used at the end of a statement]
ฮัก,hakH,verb,[Isaan dialect] to love; รัก 
adjective,[น่าฮัก] [Isaan dialect] [is] lovable; cute,,
ฮักกัย,hakH gaiM,proper noun,[book of the Old Testament] Haggai
ฮั่ง,hangF,noun,copper
ฮังการี ,hangM gaaM reeM,"proper noun, geographical","[ประเทศฮังการี] Hungary, a country in Europe"
"proper noun, adjective",[general] Hungary; Hungarian,,
ฮังเล,hangM laehM,noun,hunglei [a type of pork curry]
ฮัจญ์,hatH,"proper noun, event, loanword",Haj; the Hajj; Hadj
ฮัดจ์,hatH,noun,"the Haj, the Muslim pilgrimage to Mecca"
ฮัดเช่ย ,hatH cheeuyF,"interjection, colloquial, onomatopoeia",[used in written Thai to represent the sound of a person sneezing] ahchoo; achoo; hachoo; kerchoo
ฮั่น,hanF,"noun, adjective, Chinese","Han, the majority ethnicity of China"
ฮันเดรดไพเพอร์ส,hanM daL raehtL phaiM phuuhrM,"noun, loanword, English","[Thai transcription of brand name] Hundred Pipers, a popular brand of Scotch whisky widely available in Thailand."
ฮันนา,hanM naaM,"proper noun, loanword, English",Hanna [an English given name]
ฮันนาห์,hanM naaM,"proper noun, loanword, English",Hannah [an English given name]
ฮันนี่,hanM neeF,"noun, loanword, English",[Thai transcription of the foreign loanword] honey
ฮันนี่มูน,hanM neeF muunM,"noun, phrase, figurative, colloquial, loanword, English","[Thai transcription of the foreign loanword, ""honeymoon""] a vacation or trip taken by a newly married couple"
ฮันนีมูน,hanM neeM muunM,"noun, loanword, English",[Thai transcription of the foreign loanword] honeymoon
ฮันนี่เวลล์,hanM neeF waehnM,proper noun,Honeywell (a U.S. company)
ฮันโนเวอร์,hanM no:hM wuuhrM,"proper noun, geographical","Hanover, a city in Germany"
ฮัม,hamM,"verb, loanword, English",[Thai transcription of the foreign loanword] hum; to hum
ฮัมบูร์ก,hamM buukL,"proper noun, geographical","Hamburg, a city in Germany"
ฮัมมิงเบิร์ด,hamM mingM beertL,"noun, loanword, English",[นกฮัมมิงเบิร์ด] [Thai transcription of the foreign loanword] hummingbird
ฮัล,hanM,proper noun,Hal [an English given name]
ฮัลเล,hanM laehM,"proper noun, loanword, English",Halle [an English given name]
ฮัลโล ,hanM lo:hM,"loanword, English",[Thai transcription of the foreign loanword] Hello; Hello? [said upon answering telephone]
ฮัลโลวีน ,hanM lo:hM weenM,"proper noun, event, loanword, English",[Thai transcription of the foreign loanword] Halloween
ฮัลโหล,hanM lo:hR,,[alternate spelling of ฮัลโล ]
ฮั้ว,huaaH,"verb, loanword, Chinese",to come to terms; arrive at an agreement
verb,"to connive, collude, conspire",,
ฮา,haaM,"verb, intransitive, colloquial",to guffaw
"noun, colloquial, loanword, onomatopoeia",[onomatopoeia] sound of loud laughter or guffaw,,
ฮาป่า ,haaM bpaaL,"verb, transitive, intransitive, phrase, colloquial",to laugh derisively or mockingly
ฮ่า ,haaF,"interjection, colloquial","[used as an exclamation or representation of laughter, as in expressing amusement or derision] ha-ha"
interjection,"[ฮ่าๆๆ] [laughter] ""ha ha ha ha""",,
ฮ่าๆๆ,haaF haaF haaF,interjection,"[ฮ่าๆๆ] [laughter] ""ha ha ha ha"""
ฮ้า,haaH,"interjection, onomatopoeia","[expressing surprise] ""Ha!"""
noun,[Northern dialect] a dish of fish steeped in brine,,
ฮาก,haakF,verb,"[Northeastern dialect] to vomit, barf, puke"
ฮาเก็น,haaM genM,proper noun,Hagen [a given name]
ฮาเก้น,haaM genF,,[alternate spelling of ฮาเก็น]
ฮาเซลนัท,haaM saehnM natH,"noun, adjective, loanword, English",[general] hazelnut
noun,[ลูกฮาเซลนัท] hazelnut (nut),,
ฮานอย ,haaM naawyM,"proper noun, geographical","Hanoi, the capital city of เวียดนาม  (Vietnam)"
ฮาบากุก,haaM baaM gookL,proper noun,[book of the Old Testament] Habakkuk
ฮาร์ดคอร์,haadF khaawM,"noun, loanword, English",[Thai transcription of foreign loanword] hardcore; unyielding members of a group
ฮาร์ดดิสก์,haadF ditL,noun,hard disk
ฮาร์ดแวร์,haadF waaeM,"noun, loanword, English",[Thai transcription of the foreign loanword] hardware
ฮาร์ดิง,haaM dingM,"proper noun, person",Harding
ฮาร์ต,haadF,"noun, colloquial, loanword, English",[Thai transcription of the foreign loanword] heart
ฮาร์ตฟอร์ด ,haadF faawdF,"proper noun, geographical","Hartford, the capital city of คอนเน็กติคัต (Connecticut)"
ฮาร์ท,haatF,,[alternate spelling of ฮาร์ต]
ฮาร์ลีย์,haaM leeM,"proper noun, loanword, English",Harley [an English given name]
ฮาร์วาร์ด,haaM waadF,proper noun,[Thai transcription of foreign name] Harvard
ฮาร์วี่ย์,haaM weeF,"proper noun, loanword, English",Harvey [an English given name]
ฮาราเร ,haaM raaM raehM,"proper noun, geographical","Harare, the capital city of ซิมบับเว  (Zimbabwe)"
ฮารีรายอ,haaM reeM raaM yaawM,proper noun,Muslim New Year
ฮาเร็ม,haaM remM,"noun, loanword",harem
ฮาโรลด์,haaM ro:hnM,"proper noun, loanword, English",Harold [an English given name]
ฮาล์ฟแบ็ก,haafF baekL,"noun, loanword, English",[Thai transcription of the foreign loanword] halfback; [American football term]
ฮาลาบาลา,haaM laaM baaM laaM,proper noun,Halabala
"proper noun, geographical",[น้ำตกฮาลาบาลา] Halabala waterfall,,
ฮาลาล,haaM laanM,"noun, adjective, loanword",Halal; permitted under the tenents of Muslim law. [from Arabic]
ฮาโลวีน,haaM lo:hM weenM,,[alternate spelling of ฮัลโลวีน ]
ฮาวทู,haaoM thuuM,noun,[Thai transcription of foreign loan word] How To; (a type of book)
ฮาวานา ,haaM waaM naaM,"proper noun, geographical","Havana, the capital city of ประเทศคิวบา (Cuba)"
ฮาวาย,haaM waaiM,"proper noun, geographical",Hawaii [state of the United States]
"proper noun, geographical",[เกาะฮาวาย] (island) Hawaii,,
ฮาห์เนียม,haaM niiamM,,[alternate spelling of ฮาห์เนี่ยม]
ฮาห์เนี่ยม,haaM niiamF,noun,"[chemistry] Hahnium, Ha, atomic number 105"
ฮ่าฮ่าฮ่า ,haaF haaF haaF,"interjection, onomatopoeia","[onomatopoeia] sound of a loud, boisterous laugh: a sound of gaffaw"
ฮิญาบ,hiH yaapF,noun,"Hijab, the Muslim cloak worn by women"
ฮิด,hitH,"noun, loanword, English","[Thai transcription of foreign loan word] hit; highly popular song, e.g."
ฮิเดกิ,hiH daehM giL,"proper noun, loanword, Japanese","Hideki, 秀樹, [a Japanese given name]"
ฮิต ,hitH,"noun, loanword, English",[Thai transcription of the foreign loanword] hit; a big hit; a trend
ฮินดู,hinM duuM,"noun, adjective, formal, loanword, Pali",Hindu
ฮิปปี,hipH bpeeM,"noun, loanword, English","[Thai transcription of the foreign loanword] ""hippy""; ""hippie"""
ฮิปปี้,hipH bpeeF,"noun, loanword, English",[Thai transcription of the foreign loanword] hippie
ฮิปโป,hipH bpo:hM,"noun, loanword, English",[Thai transcription of the foreign loanword] hippo; hippopotamus
ฮิปโปโปเตมัส,hipH bpo:hM bpo:hM dtaehM matH,"noun, loanword, English",[Thai transcription of the foreign loanword] hippopotamus
ฮิปฮอป,hipH haawpF,"noun, colloquial, loanword, English",Hip-Hop
ฮิพฮอพ,hipH hawpH,,[alternate spelling of ฮิพฮ็อพ]
ฮิพฮ็อพ,hipH hawpH,noun,[Thai transcription of foreign loan word] hip hop; hip hop music
ฮิลล์,hinM,"noun, loanword, English",[Thai transcription of the foreign loanword] hill
ฮิลลารี,hinM laaM reeM,proper noun,Hillary; Hilary [an English given name]
ฮิลลารี คลินตัน,hinM laaM reeM khlinM dtanM,"proper noun, person",Hillary Clinton
ฮิลารี,hiH laaM reeM,,[alternate spelling of ฮิลลารี]
ฮิ้ว,hiuH,"verb, colloquial","to tease, make fun of (in a gentle way)"
ฮิวโก้,hiuM go:hF,"proper noun, loanword, English",Hugo [an English given name]
ฮิวจ์,hiuM,"proper noun, loanword, English",Hugh [an English given name]
ฮิวเล็ตต์แพ็กการ์ด,hiuM letH phaekH gaadL,"proper noun, loanword, English",[Thai transcription of the foreign loanword] Hewlett Packard®
ฮิ้วว์,hiuH,interjection,"[onomatopoeia] Ha, ha."
ฮิวสตัน,hiuM saL dtanM,proper noun,"Houston, a city in เท็กซัส"
ฮิสทีเรีย,hitH theeM riiaM,"noun, loanword, English",[Thai transcription of the foreign loanword] hysteria
ฮิฮิ,hiH hiH,interjection,[sound of laughter]
ฮีตเตอร์,heetF dtuuhrM,noun,[Thai transcription of foreign loanword] heater
ฮีบรู,heepF ruuM,adjective,[Thai transcription of the foreign loanword] Hebrew
proper noun,[book of the New Testament] Hebrews,,
ฮีโมฟิเลีย,heeM mo:hM fiH liiaM,"noun, formal, loanword, English",[Thai transcription of the foreign loanword] hemophilia
ฮีโร่,heeM ro:hF,"noun, loanword, English",[Thai transcription of the foreign loanword] hero
ฮีโระฌีมะ ,heeM roH cheeM maH,"proper noun, geographical","Hiroshima, a city in Japan, destroyed in 1945 by the first hostile detonation of an atomic weapon"
ฮีเลียม,heeM liiamM,,[alternate spelling of ฮีเลี่ยม]
ฮีเลี่ยม,heeM liiamF,"noun, loanword, English","[chemistry] Helium, He, atomic number 2"
ฮึ ,heuH,"interjection, colloquial","[used as an exclamation of surprise, bewilderment, disbelief, contempt or interrogation] Huh?"
ฮึก ,heukH,adjective,"[usually followed by เหิม  (bold, insolent)] impetuous; bold; daring; spirited; elated; passionate; violent; exultant; boisterous"
ฮึกห้าว,heukH haaoF,adjective,bellicose; belligerent; combative
ฮึกเหิม ,heukH heermR,"adjective, phrase",[positive connotation] [is] spirited; lively; active; animated; energetic; mettlesome; vivacious
ฮึกเหิม,heukH heermR,"adjective, phrase",[negative connotation] [is] impetuous; rash; hasty; impulsive; unthinking
ฮึด,heutH,verb,to resolve to proceed; to make up one's mind to fight
ฮึดฮัด,heutH hatH,adjective,[is] resentful; disgruntled
ฮึ่ม ,heumF,"interjection, colloquial",[expressing anger] Darn!
adjective,[is] dissatisfied; discontented,,
ฮื่ม,heuumF,"interjection, loanword, English",[Thai transcription of foreign loan word] hmmm
ฮืมม์,heuumM,particle,[discourse particle indicating agreement]
ฮือ,heuuM,"interjection, onomatopoeia","[the sound of moaning, grieving, crying, weeping, or lamenting]"
"interjection, onomatopoeia","[ฮือ ๆ] [the sound of moaning, grieving, crying, weeping, or lamenting]",,
verb,[of a crowd] to rush in; to stampede; to swarm out,,
verb,to burn fiercely; to quickly become widespread,,
ฮือ ๆ,heuuM heuuM,"interjection, onomatopoeia","[ฮือ ๆ] [the sound of moaning, grieving, crying, weeping, or lamenting]"
ฮื่อ,heuuF,interjection,"[indicating affirmation] ""uh""; yes"
"interjection, onomatopoeia",[growling sound of a dog],,
ฮื้อ,heuuH,"interjection, onomatopoeia",a hurrumph; a sound of displeasure or disappointment
"noun, loanword, Chinese",fish,,
ฮือฮา,heuuM haaM,adjective,"[is] popular, famed, renowned, famous"
adjective,"[is] sensational, interesting, fascinating, make a sensation, cause a sensation, attract attention, 
attract interest, of interest",,
adjective,"[is] panicked, stampeded",,
ฮุก,hookH,noun,[Thai transcription of foreign loanword] hook
ฮุก,hookH,,[alternate pronunciation of ฮุก]
ฮุด,hootH,verb,to set on fire
ฮู่,huuF,verb,[Isaan dialect] to know
ฮูก ,huukF,noun,[นกฮูก] oriental barn owl
ฮูลิโอ,huuM liH o:hM,"proper noun, loanword, English",Julio [an English given name]
ฮูเวอร์,huuM wuuhrM,"proper noun, person",Hoover
เฮ ,haehM,"verb, intransitive, colloquial",to swiftly flock or gather together
"interjection, colloquial, onomatopoeia","[onomatopoeia] sound of approval or joy (as that received from the crowd, a meeting or gathering)",,
เฮฮา ,haehM haaM,"verb, adverb, phrase, colloquial, onomatopoeia","[onomatopoeia] usually preceded by สรวลเส  sound of a crowd expressing merry-making, glee, delight, elation, exhilaration, exuberance, exultation, joy, merriment, triumph"
เฮ้,hehH,"interjection, colloquial, loanword, English",[Thai transcription of the foreign loanword] Hey!
เฮกซา,haehkF saaM,"prefix, loanword, English",[Thai transcription of the foreign loanword] hexa-
เฮกซาฟลูออไรด์,haehkF saaM fluuM aawM raiM,noun,hexaflouride
เฮกโตกรัม,haehkF dto:hM gramM,,[alternate spelling of เฮ็กโตกรัม]
เฮ็กโตกรัม,hekH dto:hM gramM,classifier,[Thai transcription of the foreign loanword] hectogram
เฮกโตเมตร,haehkF dto:hM maehtF,noun,[Thai transcription of the foreign loanword] hectometer
เฮกโตลิตร,haehkF dto:hM litH,,[alternate spelling of เฮ็กโตลิตร]
เฮ็กโตลิตร,hekH dto:hM litH,noun,hectoliter
เฮคเตอร์,haehkF dtuuhrM,"proper noun, loanword, English",Hector [an English given name]
เฮง,haehngM,"noun, colloquial, loanword, Chinese",[แต้จิ๋ว  dialect] good fortune
เฮงซวย,haehngM suayM,"noun, phrase, colloquial, loanword, Chinese",[แต้จิ๋ว  dialect] [disparaging slang] good luck and bad luck; really unlucky; lousy; worthless
เฮ็ง,hengM,,[alternate spelling of เฮง]
เฮเซล,haehM saehnM,"proper noun, loanword, English",Hazel [an English given name]
เฮ็ด,hetH,verb,[Isaan dialect] ทำ 
เฮ็ดเวียก,hetH wiiakF,verb,[Isaan dialect] ทำงาน
เฮ็ดจ์,hetH,"noun, adjective, loanword, English",[Thai transcription of the foreign loanword] hedge
เฮ็ดจ์ฟันด์,hetH fanM,"noun, loanword, English","[finance] [Thai transcription of the foreign loanword, ""hedge fund""]"
เฮติ ,haehM dtiL,"proper noun, geographical",[ประเทศเฮติ] Haiti
เฮทเธอร์,haehtF thuuhrM,"proper noun, loanword, English",Heather [an English given name]
เฮ็นไต,henM dtaiM,"noun, loanword, Japanese","[Thai transcription of the foreign loanword] ""変態"" — ""へんたい"" — ""hentai""; commonly referring to pornographic Japanese-style comics"
เฮน์เนอะ,haehM nuhH,proper noun,Hannah
เฮนรี,haehnM reeM,"proper noun, loanword, English",Henry [an English given name]
เฮนรี่,haehnM reeF,"proper noun, loanword, English",Henry; Henri [an English given name]
เฮ้ย ,heeuyH,interjection,hey!
เฮย์เดน,haehM daehnM,"proper noun, loanword, English",Hayden [an English given name]
เฮโรอีน,haehM ro:hM eenM,"noun, loanword, English",[Thai transcription of the foreign loanword] heroin
เฮลซิงกิ ,haehnM singM giL,"proper noun, geographical","Helsinki, the capital city of ฟินแลนด์  (Finland)"
เฮลิคอปเตอร์,haehM liH khaawpF dtuuhrM,"noun, loanword, English",[Thai transcription of the foreign loanword] helicopter
เฮลี่ย์,haehM leeF,"proper noun, loanword, English",Haley [an English given name]
เฮเลน ,haehM laehnM,proper noun,Helen [an English given name]
เฮเลนา ,haehM laehM naaM,"proper noun, geographical","Helena, the capital city of มอนทาน่า (Montana)"
เฮเลน่า,haehM laehM naaF,"proper noun, loanword, English",Helena [an English given name]
เฮส์,haehM,"proper noun, person",Hayes
เฮ่อ ,huuhrF,"interjection, colloquial",form of เฮ้อ 
เฮ้อ ,huuhrH,interjection,"[expressing exhaustion, relief, etc.] Phew! (i.e. exhaling)"
เฮ้อ... ค่อยใจชื้นขึ้นหน่อย ,huuhrH khaawyF jaiM cheuunH kheunF naawyL,"example sentence, colloquial","""Phew! I feel quite relieved now."""
"เฮ้อ วันนี้ ""คนจน"" ในเมืองคงจะงง ๆ",huuhrH wanM neeH khohnM johnM naiM meuuangM khohngM jaL ngohngM,example sentence,"""Wow! Today the urban “poor” are probably confused!"""
เฮอร์คิวลีส,huuhrM khiuM leetF,"proper noun, loanword, Greek",[Thai transcription of the foreign loanword] Hercules
เฮอร์เซโกวีนา ,huuhrM saehM go:hM weeM naaM,"proper noun, geographical",Herzegovia
เฮอร์เบิร์ต,huuhrM beertL,"proper noun, person",Herbert [an English given name]
เฮอร์เบิร์ต ฮูเวอร์,huuhrM beertL huuM wuuhrM,"proper noun, person",Herbert Hoover
เฮอริเคน,huuhrM riH khaehnM,"noun, loanword, English",[Thai transcription of the foreign loanword] hurricane
เฮอะ ,huhH,"interjection, colloquial","""Bah!"""
เฮา,haoM,pronoun,[Isaan dialect] [1st person plural pronoun] we
เฮาเวิร์ด,haoM weertF,,[alternate spelling of โฮเวิร์ด]
เฮ้าส์,haaoH,"loanword, English",[Thai transcription of the foreign loanword] house
เฮิร์ต,heertF,"adjective, verb, colloquial, loanword, English",[Thai transcription of the foreign loanword] hurt
เฮิรตซ์,heertF,classifier,"[Thai transcription of the foreign loanword] ""hertz,"" a measure of frequency or periodicity"
เฮิร์ท,heertF,,[alternate spelling of เฮิร์ต]
เฮีย,hiiaM,"noun, loanword, Chinese",[แต้จิ๋ว  dialect] elder brother
เฮี้ย,hiiaH,,[alternate spelling of เหี้ย]
เฮี้ยน,hiianH,"adjective, colloquial, loanword, Chinese","[used of an evil spirit] manifesting the gruesome power (for example, haunting or zealously guarding a place and frightening people with scary apparitions)"
เฮี้ยบ,hiiapH,adjective,[is] strict; authoritarian; firm
เฮือก,heuuakF,adverb,violently; deeply; heavily
เฮือกสุดท้าย,heuuakF sootL thaaiH,noun,the last breath
แฮ่,haaeF,"interjection, colloquial, onomatopoeia",[see กรรรร ]
แฮ็ก,haekH,"verb, loanword, English",[Thai transcription of foreign loanword] hack (to hack a computer system)
แฮกเกอร์,haaekF guuhrM,"noun, loanword, English",[Thai transcription of foreign loanword] hacker
แฮงค์,haaengM,noun,[Thai transcription of foreign loanword] hangover
แฮ้งค์,haaengH,"noun, colloquial, loanword, English",[Thai transcription of foreign loanword] hangover
แฮนด์,haaenM,"noun, loanword, English",[Thai transcription of the foreign loanword] hand; hand; handlebar of a motorcycle
แฮนด์บอล,haaenM baawnM,"noun, loanword, English",[Thai transcription of the foreign loanword] handball
แฮนด์เมด,haaenM maehtF,"adjective, loanword, English",[Thai transcription of foreign loanword] handmade
แฮนดี้ไดร๊ฟ,haaenM deeF daiM rohfH,noun,[Thai transcription of] handydrive; USB thumb drive
แฮปปี้,haaepF bpeeF,adjective,[Thai transcription of foreign loanword] [is] happy
แฮปปี้เบิร์ธเดย์ ,haaepF bpeeF beertL daehM,"interjection, loanword, English",[Thai transcription of the foreign loanword] Happy Birthday
แฮม,haaemM,"noun, loanword, English",[Thai transcription of the foreign loanword] ham
noun,[หมูแฮม] ham,,
แฮ็ม,haemM,,[alternate spelling of แฮม]
แฮ่ม,haaemF,interjection,[onomatopoeia] Hmmm
แฮ่ม...ก็สมควรน่าอิจฉาอยู่,haaemF gaawF sohmR khuaanM naaF itL chaaR yuuL,example sentence,"""Hmm...This is truly something to be jealous of."""
แฮมเบอร์เกอร์,haaemM buuhrM guuhrM,,[alternate spelling of แอมเบอร์เกอร์ ]
แฮมสเตอร์,haaemM saL dtuuhrM,"loanword, English",[Thai transcription of the foreign loanword] hamster
แฮมิลตัน ,haaeM minM dtanM,"proper noun, geographical","Hamilton, the capital city of เบอร์มิวดา  (Bermuda)"
แฮร์ริส,haaeM ritH,"proper noun, loanword, English",Harris [an English given name]
แฮร์ริสเบอร์ก,haaeM ritH buuhrkL,,[alternate spelling of แฮร์ริสเบิร์ก ]
แฮร์ริสเบิร์ก ,haaeM ritH beerkL,"proper noun, geographical","Harrisburgh, the capital city of เพนซิลเวเนีย (Pennsylvania)"
แฮร์ริสัน,haaeM riH sanR,"proper noun, loanword, English",Harrison [an English given name]
แฮร์รี,haaeM reeM,"proper noun, person",Harry [an English given name]
แฮร์รี เอส. ทรูแมน,haaeM reeM aehtL thaH ruuM maaenM,"proper noun, person",Harry S. Truman
แฮร์รี่,haaeM reeF,"proper noun, loanword, English",Harry [an English given name]
แฮรี่ ,haaeM reeF,proper noun,Harry [an English given name]
แฮรี่พอตเตอร์,haaeM reeF phaawtF dtuuhrM,proper noun,[Thai transcription of foreign loan word] Harry Potter
แฮโลเจน,haaeM lo:hM jaehnM,"noun, loanword, English",[Thai transcription of foreign loanword] halogen
แฮะ,haeH,interjection,[spoken conversational marker indicating emphasis] indeed; totally
โฮ ,ho:hM,"adverb, onomatopoeia",[onomatopoeia] sound of crying or weeping out loud
โฮก,ho:hkF,onomatopoeia,[the sound of a snarling dog]
onomatopoeia,[the sound of slurping or sucking up of a liquid],,
verb,to snarl or growl,,
โฮง,ho:hngM,noun,[Northern dialect] room
โฮจิมินห์,ho:hM jiL minM,"noun, proper noun",Ho Chi Minh
proper noun,"[เมืองโฮจิมินห์] Ho Chi Minh City, a city in the south of Vietnam",,
โฮจิมินห์ซิตี,ho:hM jiL minM siH dteeM,proper noun,"Ho Chi Minh City, a city in the south of Vietnam"
โฮเชยา,ho:hM chaehM yaaM,proper noun,[book of the Old Testament] Hosea
โฮเต็ล ,ho:hM dtenM,"noun, loanword, English",[Thai transcription of the foreign loanword] hotel
โฮบาร์ต ,ho:hM baadL,"proper noun, geographical","Hobart, the capital city of Tasmania state, Australia"
โฮป,ho:hpF,"proper noun, loanword, English",Hope [an English given name]
โฮม,ho:hmM,"noun, loanword, English",[Thai transcription of the foreign loanword] home
โฮมเพจ,ho:hmM phaehtF,"proper noun, loanword, English","[Thai transcription of the foreign loanword, ""home page""]"
โฮเมอร์,ho:hM muuhrM,"proper noun, loanword, English",Homer [an English given name]
โฮราชิโอ,ho:hM raaM chiH o:hM,"proper noun, loanword, English",Horatio [an English given name]
โฮลดิ้ง,ho:hnM dingF,"noun, loanword, English","[Thai transcription of foreign term] ""holding"" or ""Holdings"""
โฮเวิร์ด,ho:hM weertF,"proper noun, loanword, English",Howard [an English given name]
โฮสเทล,ho:htF thaehnM,"noun, loanword, English",[Thai transcription of the foreign loanword] hostel
ไฮ,haiM,"adjective, loanword, English",[Thai transcription of the foreign loanword] high
"particle, loanword, English",[Thai transcription of the foreign loanword] hi; [an informal greeting],,
ไฮคลาส ,haiM khlaatF,"adjective, loanword","[Thai transcription of the foreign loanword, ""high class""]"
ไฮโซบัตโลว์คลาส,haiM so:hM batL lo:hM khlaatF,"adjective, phrase, colloquial, sarcastic-humorous, loanword, English","high-society but low-class"" — [Thai slang for] a socialite who is crude, vulgar, indecent, inelegant and unsophisticated [usually gay male jargon]"
ไฮเท็ค,haiM thekH,adjective,"[Thai transcription of the foreign loanword, ""high-tech"" or ""hi-tech""]"
ไฮสคูล ,haiM saL khuunM,"noun, loanword, English","[Thai transcription of the foreign loanword, ""high school""]"
ไฮซีซัน,haiM seeM sanM,"noun, loanword, English",[Thai transcription of foreign loanword] high season
ไฮโซ,haiM so:hM,"noun, loanword, English","[transliterally, an abbreviation ""high society""] high-class; classy"
ไฮดรอกไซด์,haiM daawnM ohkL saiM,"noun, loanword, English",[Thai transcription of the foreign loanword] hydroxide
ไฮดรอลิค,haiM draawM likH,,[alternate spelling of ไฮโดรลิก]
ไฮดรา,haiM draaM,noun,[Thai transcription of the foreign loanword] hydra
ไฮดราซีน,haiM daL raaM seenM,noun,"hydrazine, N2H4"
ไฮดี้,haiM deeF,"proper noun, loanword, English",Heidi [an English given name]
ไฮเด็น ,haiM denM,"noun, loanword, English",[Thai transcription of the foreign loanword] high density; high-density computer diskette
ไฮโดร,haiM dro:hM,"noun, loanword, English",[Thai transcription of the foreign loanword] hydro-
ไฮโดรคาร์บอน,haiM dro:hM khaaM baawnM,noun,"[Thai transcription of the foreign loanword, ""hydrocarbon""]"
ไฮโดรคลอริก,haiM dro:hM khlaawM rikH,"noun, loanword, English",hydrochloric
ไฮโดรคลอไรด์,haiM dro:hM khlaawM raiM,"noun, formal, loanword, English",[Thai transcription of the foreign loanword] hydrochloride
ไฮโดรเจน,haiM dro:hM jaehnM,"noun, loanword, English","[chemistry] Hydrogen, H, atomic number 1"
ไฮโดรไซยานิก,haiM dro:hM saiM yaaM nikH,"noun, loanword, English",[Thai transcription of the foreign loanword] hydrocyanic
ไฮโดรลิก,haiM dro:hM likH,"noun, loanword, English",[Thai transcription of the foreign loanword] hydraulic
ไฮโดรไลซิส,haiM dro:hM laiM sitH,noun,[Thai transcription of the foreign loanword] hydrolysis
ไฮไดรด์,haiM daiM raH,"noun, loanword, English",[Thai transcription of the foreign loanword] carbide
ไฮเตอร์ ,haiM dtuuhrM,"proper noun, colloquial",a popular brand-name of bleach
ไฮเทคโนโลยี,haiM thaehkF no:hM lo:hM yeeM,noun,[Thai transcription of foreign phrase] high technology
ไฮนซ,haiM nohsH,"proper noun, loanword, English",Heinz [an English given name]
ไฮเพอร์โบลา,haiM phuuhrM bo:hM laaM,"noun, loanword, English",[Thai transcription of the foreign loanword] hyperbola
ไฮเพอร์โบลิก,haiM phuuhrM bo:hM likH,"noun, loanword, English",[Thai transcription of the foreign loanword] hyperbolic
ไฮไลต์,haiM laiM,"noun, loanword, English",[Thai transcription of foreign loan word] highlight
ไฮไลท์,haiM laiM,"noun, verb, loanword, English",[Thai transcription of the foreign loanword] highlight; to color hair with highlights; hair highlights
ไฮ-วิซิบิลิตี้,haiM wiH siH biL liH dteeF,"noun, loanword, English",[Thai transcription of foreign loanword] hi-visibility
ไฮ-วิส,haiM witH,adjective,[Thai transcription of foreign loanword] hi-vis
ไฮสปีดเทรน,haiM saL bpeetL thraehnM,"noun, loanword, English",[Thai transcription of foreign loan word] high-speed train
ไฮสปีดเทรน จะมีผลต่อการพัฒนาอสังหาริมทรัพย์ การพัฒนาเมืองยิ่งกว่าครั้งใด ๆ ที่ผ่านมา,haiM saL bpeetL thraehnM jaL meeM phohnR dtaawL gaanM phatH thaH naaM aL sangR haaR rimM maH sapH gaanM phatH thaH naaM meuuangM yingF gwaaL khrangH daiM daiM theeF phaanL maaM,example sentence,The “high-speed train” will have a greater effect on real estate and urban development more than anything in the past.
ไฮอีนา,haiM eeM naaM,"noun, loanword, English","[Thai transcription of the foreign loanword] ""hyena"" — ""hyaena"""
ฯ ,,,"[indicating abbreviation, or ""minor omission""] etc., et cetera, &c"
ฯพณฯ,phaH naH thaanF,,[abbreviation for] His Excellency; Your Excellency
ฯลฯ,laH,conjunction,"[indicating ""major omission""] etc.; et cetera; &c"
ๆ,,,[repetition character]
